farm_id,crop_type,yield_forecast_t_ha,ens_sd_t_ha,health_sd_pts,label_confidence,label_entropy,flag_qc,flag_non_crop
1,Rice,1.5781,0.0403,5.893787828934645,0.5744,0.6993765960190401,ok,
2,Rice,1.6567,0.0418,6.6721960506428495,0.4627,0.8458246113227442,ok,
3,Rice,1.7417,0.075,3.917952987416568,0.4088,0.8280069476920328,ok,dw_only
4,Maize,2.6619,0.0226,,0.5289,0.5871983061602759,ok,
5,Groundnut,2.0995,0.0746,4.0123545491715245,0.3715,0.8642876430750976,ok,
6,Cotton,0.6824,0.0186,3.506820511549914,0.3714,0.9136874037004296,ok,
7,Bajra,1.8422,0.0612,7.453259524525055,0.4464,0.7742995284511476,ok,
8,Groundnut,2.6077,0.0775,3.0297372933028006,0.2934,0.9073248235767838,ok,
9,Cotton,0.701,0.0088,6.019686649135312,0.5885,0.6996116041609899,ok,
10,Cotton,0.6876,0.0075,5.3323807647607016,0.5451,0.8016562548305667,ok,
11,Cotton,0.6167,0.0138,4.999238061887732,0.2345,0.9974058442601484,ok,
12,Cotton,0.7025,0.0203,4.144004745323248,0.4449,0.9000652967915156,ok,
13,Rice,1.958,0.0349,4.778824598850681,0.3071,0.9275319129073092,ok,
14,Cotton,0.7332,0.0602,7.4038093599204755,0.902,0.2148354340897429,ok,
15,Cotton,0.6253,0.0074,,0.4014,0.9019988260303632,ok,dw_only
16,Groundnut,2.1752,0.0522,,0.7545,0.5448529066731764,ok,dw_only
17,Cotton,0.7879,0.029,,0.4654,0.8302224565352463,ok,dw_only
18,Cotton,0.5303,0.0051,,0.4269,0.8607352462339093,ok,both
19,Bajra,2.0291,0.0956,,0.3646,0.8933520076268062,ok,dw_only
20,Rice,1.8937,0.0629,5.032326317478118,0.3863,0.8704458435937931,ok,
21,Rice,2.0266,0.0336,3.754655129556664,0.57,0.7895630854949236,ok,
22,Cotton,0.516,0.0095,5.657390290169691,0.6053,0.7041503956503555,ok,
23,Bajra,1.2555,0.024,,0.72,0.4725121154819544,ok,
24,Rice,1.582,0.0741,7.46813350318387,0.6259,0.7293128319551344,ok,
25,Cotton,0.7482,0.018,9.687408411421252,0.4615,0.8433952051686746,ok,
26,Rice,2.1037,0.012,4.249841098799292,0.3407,0.9607539043968264,ok,
27,Rice,1.9426,0.0407,3.754926663116029,0.2435,0.9957068146523622,ok,
28,Cotton,0.7039,0.0184,5.286305644742575,0.274,0.9692211802922562,ok,
29,Rice,1.9007,0.0508,3.640889827704753,0.3277,0.9651497333897644,ok,
30,Cotton,0.8862,0.0217,6.364799222650349,0.9691,0.0966559441004828,ok,
31,Maize,2.6124,0.0685,3.742182876947704,0.4897,0.7278419449386473,ok,
32,Rice,1.6763,0.0766,8.957995845031016,0.4929,0.8243014197163936,ok,
33,Cotton,0.7084,0.0291,3.6497917102210247,0.4846,0.8267115341387361,ok,
34,Rice,2.1319,0.0417,3.8107379033336697,0.4884,0.8391708478851887,ok,
35,Rice,1.9275,0.0835,2.932048342174183,0.2603,0.9764951832411614,ok,
36,Maize,1.9961,0.0293,2.902009042581967,0.3608,0.9556214731360406,ok,
37,Rice,1.9628,0.0187,3.8218750351339,0.3609,0.9422590201472344,ok,
38,Rice,1.8608,0.0129,4.0723512691124,0.4674,0.8650435964041745,ok,
39,Cotton,0.5654,0.0106,5.042559897731799,0.3588,0.8764932849567965,ok,
40,Cotton,0.7124,0.0128,3.643059979431777,0.2571,0.9806134380968258,ok,
41,Cotton,0.8827,0.0218,3.203241108719605,0.982,0.0638931535871362,ok,
42,Cotton,0.9322,0.0173,2.544171735983693,0.9662,0.1012344310337553,ok,dw_only
43,Cotton,0.6587,0.0072,4.034085489751211,0.3265,0.9634017366115376,ok,
44,Cotton,0.7142,0.0074,4.899411228067258,0.5548,0.7642236047209623,ok,
45,Cotton,0.729,0.0069,4.834480447738734,0.5647,0.7706325472224351,ok,
46,Cotton,0.7291,0.0154,,0.5626,0.701581199605686,ok,
47,Cotton,0.7808,0.0142,3.025902558368289,0.7169,0.5034069260952567,ok,
48,Cotton,0.6231,0.0223,4.000839160325683,0.502,0.78347151264409,ok,
49,Rice,1.9562,0.0677,2.344070169626898,0.4227,0.8608180889921525,ok,
50,Cotton,0.8664,0.0359,,0.7164,0.4126508505453742,ok,dw_only
51,Cotton,0.8047,0.0581,,0.582,0.7282482426512399,ok,
52,Cotton,0.6386,0.0291,,0.6857,0.5325335340739774,ok,
53,Cotton,0.7743,0.0106,7.880871074291587,0.4503,0.788829540883403,ok,
54,Maize,2.603,0.0625,7.474237579428319,0.384,0.8949711332992017,ok,
55,Maize,2.9329,0.0453,6.897067713121835,0.55,0.530858604579564,ok,
56,Rice,1.8176,0.0102,5.100325138948623,0.5088,0.8200486295132138,ok,
57,Maize,2.2539,0.048,,0.4147,0.88076705302795,ok,dw_only
58,Cotton,0.8157,0.0241,13.139396315142038,0.5927,0.6831452893341614,ok,
59,Cotton,0.7138,0.0218,3.5188438885733,0.743,0.5061870488741934,ok,dw_only
60,Groundnut,2.6632,0.0548,4.846002683851274,0.272,0.96883130388195,ok,
61,Cotton,0.586,0.0061,5.331904566062995,0.5692,0.7886637353311511,ok,
62,Cotton,0.6176,0.0366,4.734104255626642,0.5502,0.5743388892279016,ok,
63,Rice,1.9246,0.0167,3.264251701401321,0.3124,0.9678938206994144,ok,
64,Cotton,0.6123,0.0133,3.3276179852693404,0.5869,0.7217134053045621,ok,dw_only
65,Rice,1.9202,0.0279,2.9550297209085143,0.2902,0.978363445717398,ok,
66,Rice,1.878,0.0184,3.6871647326184,0.4869,0.8571875387136921,ok,
67,Cotton,0.861,0.0121,3.504317147611705,0.9402,0.1596045151072146,ok,
68,Cotton,0.6234,0.0105,4.491334797199721,0.2941,0.9767122496943602,ok,
69,Cotton,0.895,0.0732,2.9055587829474714,0.5956,0.4409027965121103,ok,
70,Cotton,0.6951,0.0685,2.912760566000649,0.7798,0.3471114412763874,ok,
71,Groundnut,3.0916,0.0847,4.126907721098521,0.2631,0.9910260756556076,ok,
72,Maize,2.2938,0.0858,4.745071712082541,0.356,0.9175163462351084,ok,
73,Maize,1.817,0.0849,5.317882506431328,0.351,0.903111526944461,ok,
74,Cotton,0.8574,0.0247,3.731615103453161,0.9849,0.0542649977747104,ok,dw_only
75,Cotton,0.5738,0.0109,2.959270942469238,0.2462,0.9879384872250896,ok,both
76,Cotton,0.575,0.0083,2.660026867298519,0.4023,0.9161041625465948,ok,
77,Cotton,0.5417,0.0086,3.1043539546062022,0.4316,0.8538767460400127,ok,
78,Rice,1.8188,0.0293,4.675143519034792,0.4985,0.8355270661511605,ok,
79,Rice,1.7381,0.0211,3.97532894051682,0.3936,0.8993162219867531,ok,
80,Rice,1.6919,0.0297,2.2157056669912705,0.3672,0.8381348835862089,ok,
81,Maize,2.5888,0.0537,2.245316841765512,0.523,0.6084269003767988,ok,
82,Maize,2.049,0.0664,2.7457091743655395,0.2801,0.9624308898951072,ok,
83,Cotton,0.5409,0.0071,3.964809688679079,0.3761,0.935248394256687,ok,
84,Cotton,0.7624,0.0076,9.08803543694739,0.7353,0.4707229540987919,ok,
85,Cotton,0.9019,0.0204,2.490841854407124,0.9663,0.1055965643277363,ok,dw_only
86,Cotton,0.9062,0.0199,1.7998568728855258,0.9727,0.0883770947964227,ok,dw_only
87,Cotton,0.7187,0.0196,3.3313930331962824,0.4366,0.8951516296598859,ok,dw_only
88,Rice,1.7887,0.038,5.232274729758668,0.37,0.8977134217362541,ok,
89,Rice,1.7041,0.0458,3.5335776407094337,0.3126,0.9679286618808812,ok,
90,Cotton,0.6876,0.0091,5.9384029159974805,0.5144,0.7781648431511033,ok,
91,Cotton,0.6819,0.0247,6.925612978488573,0.7283,0.5701144029644791,ok,
92,Cotton,0.667,0.0206,6.386270282946731,0.6413,0.6613686596492331,ok,
93,Cotton,0.6807,0.0375,14.00052458679827,0.4779,0.8009424970628469,ok,
94,Cotton,0.6953,0.0209,6.094396938827544,0.6154,0.7337089890524306,ok,
95,Cotton,0.8281,0.0272,6.178426601660188,0.6777,0.5511038289449008,ok,
96,Cotton,0.7839,0.0139,2.3338654949466187,0.3456,0.8874328809990398,ok,
97,Cotton,0.646,0.0182,3.619662248523956,0.2628,0.984498581945376,ok,
98,Cotton,0.8316,0.014,5.577849840112054,0.729,0.5419363779136173,ok,
99,Cotton,0.8116,0.0159,14.238270030238365,0.907,0.2523161329520859,ok,
100,Maize,2.4384,0.0173,2.489093307530028,0.4123,0.902115920516194,ok,
101,Cotton,0.7313,0.0091,3.2146676217945465,0.5775,0.692951699386581,ok,
102,Cotton,0.7144,0.0099,3.75655653114544,0.6195,0.7073139680353765,ok,
103,Cotton,0.9719,0.0089,3.01979020440978,0.963,0.1085994966431411,ok,
104,Groundnut,2.8829,0.0419,2.649742798936971,0.3445,0.947820124769734,ok,
105,Cotton,0.9452,0.0132,3.0237960468941845,0.9783,0.0756548586563387,ok,
106,Cotton,0.9139,0.0192,2.2396934150462298,0.9662,0.1053371515846855,ok,
107,Cotton,0.5851,0.0245,5.667193289634789,0.5353,0.7570684178270656,ok,dw_only
108,Cotton,0.9059,0.02,2.417559494888934,0.9778,0.0763667510240567,ok,dw_only
109,Cotton,0.541,0.0218,4.817679624997761,0.4351,0.8182398061599474,ok,
110,Cotton,0.8829,0.0214,3.685388534782667,0.9827,0.061449523182283,ok,dw_only
111,Groundnut,2.5306,0.0841,2.1511228850447752,0.4185,0.8758364071769529,ok,
112,Maize,2.4828,0.0319,4.0744237948361,0.5282,0.8016770067416169,ok,
113,Rice,1.6493,0.0901,5.426949848200425,0.3194,0.9195377447699968,ok,
114,Groundnut,1.855,0.0603,1.866510373103124,0.3952,0.9098774351701168,ok,
115,Cotton,0.6694,0.0213,2.3970713031109234,0.5346,0.7549680894417388,ok,
116,Groundnut,2.5548,0.0571,2.174238137954833,0.3109,0.949582109790442,ok,
117,Cotton,0.8438,0.0422,3.327917398769193,0.848,0.2932330076221314,ok,
118,Rice,1.8145,0.0344,2.8063005680422184,0.282,0.9801476404309934,ok,
119,Cotton,0.8667,0.0455,3.994752923616089,0.7665,0.3650824016466555,ok,
120,Cotton,0.8519,0.019,2.750421191122308,0.7155,0.4412576800488026,ok,
121,Cotton,0.855,0.02,2.66744487740402,0.97,0.0956005865299447,ok,
122,Groundnut,2.8738,0.0214,3.861636643678764,0.4245,0.8898977346950429,ok,
123,Cotton,0.6758,0.0351,3.392233471686456,0.4755,0.8097073798905952,ok,
124,Groundnut,1.9801,0.107,3.570631793336166,0.2856,0.9803514607274636,ok,
125,Groundnut,2.6527,0.0881,3.0442725295981568,0.2724,0.980561578234067,ok,
126,Groundnut,2.12,0.0544,3.1694929651040504,0.4184,0.8972007353262671,ok,
127,Groundnut,2.7686,0.0408,3.676437995531339,0.3283,0.9296491434226016,ok,dw_only
128,Groundnut,3.2309,0.0381,6.858656230856261,0.2756,0.977031546977058,ok,
129,Groundnut,2.9287,0.05,5.829148798483391,0.3607,0.900754455998082,ok,
130,Cotton,0.6847,0.0079,2.7978158097707246,0.3841,0.8827211782944075,ok,
131,Groundnut,2.9082,0.0913,4.3285601246183525,0.3729,0.8956879681498898,ok,
132,Bajra,2.0254,0.0685,6.262873322908007,0.3394,0.9345351421831098,ok,
133,Groundnut,2.9594,0.0376,6.104076768850492,0.2872,0.9507179960190606,ok,
134,Groundnut,2.3295,0.0193,3.5950823314946865,0.3145,0.9505600307162506,ok,
135,Cotton,0.5255,0.0157,7.569631137861411,0.4232,0.8375580154086562,ok,
136,Cotton,0.7718,0.0239,4.647370098639213,0.5531,0.6953910628160856,ok,
137,Cotton,0.9415,0.015,2.187192418736487,0.9418,0.1518547159257048,ok,
138,Cotton,0.9582,0.0114,2.908828617099528,0.963,0.1099656428321357,ok,dw_only
139,Groundnut,2.5442,0.048,3.8320704782846513,0.3744,0.9216747773356284,ok,
140,Cotton,0.6057,0.054,5.12051890409509,0.4816,0.7483113572105158,ok,
141,Maize,2.4177,0.1019,3.9043767240973937,0.3604,0.8937113515117044,ok,
142,Groundnut,3.0129,0.1093,2.090379274012274,0.3145,0.9194099806145302,ok,
143,Cotton,0.6809,0.0099,3.13002004851698,0.4052,0.8802111106325639,ok,
144,Groundnut,3.0691,0.0917,1.8382035634063445,0.4784,0.7148094080583778,ok,
145,Groundnut,3.0576,0.0826,2.499233140957847,0.3187,0.9575639003940668,ok,
146,Cotton,0.6023,0.0165,4.196346704548611,0.4908,0.8484002274663722,ok,
147,Cotton,0.8644,0.0118,4.272102033924739,0.8987,0.2232288875444566,ok,
148,Cotton,0.6427,0.0362,5.58678207554112,0.4475,0.8643051613918447,ok,
149,Maize,2.0811,0.0644,5.631517226976992,0.2854,0.9754818883140008,ok,
150,Cotton,0.6075,0.0113,3.473552151361321,0.3657,0.9396321478893708,ok,dw_only
151,Cotton,0.8745,0.0122,3.756003534107212,0.5702,0.6338262032432367,ok,
152,Groundnut,2.6714,0.0643,4.886173064695157,0.2709,0.9705603091285436,ok,
153,Cotton,0.7229,0.0246,6.503282895766807,0.3233,0.9428952367828006,ok,
154,Cotton,0.9533,0.0135,3.663230543726972,0.9683,0.0991024841445252,ok,dw_only
155,Bajra,1.8366,0.0315,4.392796043296581,0.2874,0.9418884555458455,ok,
156,Groundnut,2.9761,0.0615,2.95496427758433,0.3244,0.969617856023446,ok,
157,Groundnut,2.6402,0.0456,4.318676225181001,0.3654,0.8978891722338114,ok,
158,Maize,1.9873,0.052,3.823598583910744,0.3912,0.8356622061371114,ok,
159,Cotton,0.6642,0.0264,4.800995830102188,0.5417,0.6967027671259213,ok,
160,Cotton,0.4925,0.0071,4.188125820771636,0.6229,0.710034852660324,ok,both
161,Cotton,0.5888,0.008,4.408588446962765,0.2801,0.9735820066671385,ok,dw_only
162,Cotton,0.7068,0.0112,6.129832138846726,0.2853,0.980277927930414,ok,dw_only
163,Cotton,0.9129,0.0184,2.959393476184498,0.9829,0.061326925367162,ok,dw_only
164,Cotton,0.5804,0.0266,6.532916251879671,0.7254,0.5280288249458709,ok,dw_only
165,Groundnut,2.7119,0.0863,3.656693913377585,0.2956,0.948363827183732,ok,
166,Groundnut,2.7257,0.068,2.5377522730623587,0.323,0.9648361351192696,ok,
167,Groundnut,2.3278,0.0323,3.282782454182643,0.3281,0.9448962056595834,ok,
168,Groundnut,2.6771,0.0994,3.643743009842874,0.2576,0.9764269470074556,ok,
169,Maize,2.7201,0.141,2.6028138568180985,0.6138,0.4905878710129548,ok,
170,Groundnut,2.1941,0.0573,3.9095656534721015,0.3827,0.9177708320446274,ok,
171,Cotton,0.5836,0.023,6.224688541849908,0.5722,0.7612761276384444,ok,
172,Groundnut,3.3839,0.0666,11.031554554466254,0.4536,0.8010102853594987,ok,
173,Cotton,0.8275,0.0224,3.816766234070538,0.9793,0.0706018298212588,ok,dw_only
174,Cotton,0.6485,0.0375,5.030941363401793,0.71,0.4642967477549937,ok,
175,Cotton,0.7014,0.0282,7.518753745121824,0.4166,0.8673970626790839,ok,
176,Cotton,0.5251,0.0098,7.825361348096338,0.3199,0.9321625236607568,ok,both
177,Cotton,0.6022,0.012,5.065256438592637,0.3525,0.941510932204034,ok,
178,Cotton,0.6903,0.0076,11.373426225216814,0.6718,0.6179362880663333,ok,
179,Cotton,0.5471,0.0104,7.180990847350515,0.5088,0.8280407175548781,ok,both
180,Bajra,1.7998,0.0367,4.466790869085074,0.4119,0.904670641503522,ok,
181,Rice,1.5852,0.0439,7.281817244799431,0.297,0.9068415624787778,ok,
182,Rice,1.4409,0.0423,5.620437352621687,0.3647,0.8821423846458092,ok,
183,Rice,1.5294,0.015,4.715537510385505,0.3761,0.9177820276561676,ok,dw_only
184,Rice,1.7053,0.0851,3.1659041815998865,0.4157,0.8775721681396683,ok,dw_only
185,Cotton,0.7138,0.0129,4.7095777293806576,0.3955,0.9285036196639846,ok,dw_only
186,Cotton,0.4936,0.0071,6.007334197147936,0.4672,0.8561358610040499,ok,
187,Cotton,0.7224,0.0107,5.934093561959129,0.46,0.8133631841440528,ok,
188,Cotton,0.6157,0.0073,3.64281532544881,0.3677,0.908236451906888,ok,
189,Cotton,0.7585,0.0147,3.685058687531847,0.311,0.9416957138186968,ok,
190,Groundnut,2.7471,0.0173,3.841822604875808,0.2618,0.974488918292016,ok,dw_only
191,Cotton,0.7651,0.0227,6.968404043490917,0.3201,0.9162237664164418,ok,
192,Bajra,1.8725,0.0293,3.802045846904145,0.3157,0.9226268719109904,ok,
193,Groundnut,2.7356,0.0409,2.7287231132131344,0.2983,0.9699336590084164,ok,
194,Rice,1.7675,0.0187,3.593844004709795,0.3121,0.9745838944877808,ok,
195,Groundnut,2.3093,0.1818,5.005216204547507,0.3349,0.8838848327267711,ok,
196,Groundnut,2.8855,0.033,7.542287309567036,0.3779,0.905283009665708,ok,
197,Bajra,2.3251,0.0476,5.065429298730964,0.2672,0.9735726187817398,ok,dw_only
198,Groundnut,2.8045,0.0862,9.564856498417576,0.2921,0.9543357894645432,ok,dw_only
199,Cotton,0.7271,0.0077,1.841387365331877,0.6508,0.6394137920877337,ok,
200,Cotton,0.8153,0.0264,3.500889069831376,0.9838,0.0570131830104222,ok,
201,Groundnut,2.5813,0.0599,3.007220166261197,0.3146,0.9710060741945252,ok,
202,Rice,1.1784,0.0357,3.9132811848599154,0.4293,0.8987816127397363,ok,
203,Rice,1.4837,0.0216,4.597299834298518,0.4456,0.8603819331272293,ok,
204,Groundnut,3.0256,0.0215,2.770693525843757,0.3928,0.9000603414467725,ok,dw_only
205,Cotton,0.7957,0.0288,3.925319874859035,0.9818,0.0640613803035707,ok,dw_only
206,Cotton,0.7234,0.0062,3.546527168622677,0.6521,0.6010807342782247,ok,dw_only
207,Cotton,0.5508,0.0085,4.212854416159038,0.3866,0.885789166126687,ok,
208,Groundnut,2.648,0.0327,5.191868853760037,0.2494,0.9696173039759706,ok,
209,Cotton,0.8183,0.013,7.287018282307271,0.6558,0.6378628468607428,ok,
210,Cotton,0.4923,0.0079,6.358070329931505,0.5334,0.812621787993268,ok,
211,Cotton,0.8212,0.0226,7.401588639689432,0.3903,0.7938131064859688,ok,
212,Rice,1.8243,0.0223,4.095442089132582,0.3168,0.9638538903071124,ok,
213,Cotton,0.8564,0.0247,5.98089872937485,0.9806,0.0677650881117566,ok,
214,Groundnut,2.2035,0.0754,3.730587193268188,0.3323,0.9162180867819528,ok,
215,Groundnut,2.8961,0.0304,5.339620268489807,0.2902,0.9525118753790404,ok,
216,Cotton,0.8645,0.0181,2.085029444827842,0.9609,0.1175723963287416,ok,
217,Cotton,0.6028,0.0128,2.462706512345264,0.2968,0.9234608285211404,ok,
218,Cotton,0.8685,0.0182,4.401753269014006,0.9432,0.1451529930920708,ok,
219,Cotton,0.866,0.0173,4.610116358943088,0.9614,0.1146454759992802,ok,
220,Rice,2.0994,0.0226,3.6408733166563096,0.257,0.9850435082859522,ok,
221,Rice,1.8894,0.053,4.4810580891436125,0.2963,0.9259770535396802,ok,
222,Rice,1.4188,0.0158,6.25586692958999,0.399,0.891307729072016,ok,
223,Rice,1.8898,0.0298,2.9526335480967827,0.2993,0.902101261573408,ok,
224,Rice,1.7241,0.0678,4.677262031405828,0.2897,0.9836187403587336,ok,
225,Rice,1.3817,0.0678,4.567353826772307,0.2899,0.9788949848838888,ok,
226,Rice,1.706,0.0168,2.7746480041630543,0.4707,0.8293546854140255,ok,
227,Rice,1.7558,0.057,2.1199685872547027,0.4735,0.8157443733897146,ok,
228,Maize,1.9568,0.05,5.194808728034811,0.3154,0.9450003032643672,ok,
229,Groundnut,2.267,0.0338,3.2293068985220605,0.3603,0.9070903831310512,ok,
230,Cotton,0.8561,0.0179,2.6301834488791447,0.9592,0.1196563003557831,ok,
231,Groundnut,2.6896,0.1002,2.9981086538785857,0.2495,0.9868873849797624,ok,
232,Cotton,0.6171,0.0103,7.461672013620384,0.303,0.976809045646416,ok,
233,Rice,1.4782,0.0523,2.4593027765437108,0.5528,0.7943198592257761,ok,
234,Groundnut,2.5072,0.0584,3.598348078994271,0.3251,0.9262654958106108,ok,
235,Cotton,0.9096,0.0453,3.3503248776593777,0.5298,0.4766222313484473,ok,
236,Groundnut,2.3946,0.0875,2.738322288452057,0.431,0.8525392920184925,ok,
237,Cotton,0.5556,0.0094,4.331549091581195,0.2771,0.9608349705690964,ok,
238,Cotton,0.5932,0.0175,8.822643558885401,0.4701,0.8059855161539853,ok,
239,Groundnut,2.7311,0.0327,3.302714509494806,0.3508,0.9423130628521188,ok,
240,Cotton,0.6738,0.0124,4.358519188793446,0.6101,0.6410675436836449,ok,dw_only
241,Groundnut,2.3229,0.0491,2.490220964838976,0.3629,0.9474192031782188,ok,
242,Bajra,1.7387,0.0346,5.706171260788888,0.3149,0.950566696238883,ok,dw_only
243,Maize,1.8365,0.0511,5.707571752518935,0.34,0.958891382092701,ok,both
244,Cotton,0.597,0.0113,2.9851316999320288,0.3656,0.914710492770248,ok,
245,Rice,1.7305,0.0326,4.422685925133679,0.389,0.9160894280759228,ok,
246,Cotton,0.8324,0.0263,8.779066897634532,0.9819,0.0620457580853503,ok,
247,Cotton,0.5863,0.0052,5.717330807874956,0.5679,0.7838928920734765,ok,
248,Cotton,0.8851,0.0123,4.317911526171259,0.9587,0.1207613631870924,ok,
249,Groundnut,2.1196,0.0221,5.874160536525297,0.2702,0.9706681573370326,ok,
250,Cotton,0.7145,0.0221,4.135784234304436,0.568,0.7549505485241359,ok,
251,Groundnut,2.7087,0.0142,4.153034944434215,0.3851,0.922268080103732,ok,
252,Groundnut,2.5091,0.0207,2.643772001981333,0.3797,0.8897465880939222,ok,
253,Cotton,0.9058,0.0211,3.4276592256897804,0.9743,0.082610301226076,ok,
254,Groundnut,2.1085,0.0727,1.8276612700269776,0.4847,0.8262551290194371,ok,
255,Bajra,2.0467,0.0652,8.209809837455218,0.2722,0.9717834406784772,ok,
256,Cotton,0.626,0.0093,7.84549708619271,0.2818,0.963262344382206,ok,
257,Cotton,0.583,0.0055,5.2055156753407,0.4457,0.8925662812360623,ok,dw_only
258,Groundnut,2.1614,0.0621,4.86706059798006,0.3177,0.9551185948508064,ok,
259,Rice,1.5369,0.0126,3.634435559068848,0.3365,0.9317516967225415,ok,
260,Groundnut,2.2888,0.0227,2.0847068980608143,0.4302,0.8747488054504715,ok,
261,Groundnut,3.3258,0.013,2.960312554601582,0.3903,0.8705898074046838,ok,
262,Groundnut,2.5275,0.019,2.617440672158662,0.3813,0.941108311639616,ok,
263,Maize,2.3923,0.0257,3.5198501928834447,0.6011,0.6821435471349528,ok,
264,Cotton,0.5632,0.0125,3.8689719655268697,0.3214,0.9364947026545948,ok,
265,Cotton,0.6356,0.0106,7.049121771859763,0.4993,0.8581161767818871,ok,
266,Groundnut,2.5615,0.0865,4.288140066002533,0.2556,0.9917297590231096,ok,dw_only
267,Cotton,0.8237,0.0451,1.955722693847069,0.9037,0.247160047604434,ok,dw_only
268,Cotton,0.8534,0.012,4.42177671149172,0.9443,0.1478873461973562,ok,
269,Cotton,0.6063,0.0068,3.4613258290070497,0.3032,0.9553693754987784,ok,
270,Maize,1.9902,0.0252,2.6851140603203145,0.298,0.9613096466969144,ok,
271,Groundnut,2.4728,0.0641,4.080639641976427,0.4155,0.8684262821214322,ok,
272,Groundnut,2.2886,0.0464,3.140764671909292,0.2982,0.9218273766804456,ok,
273,Rice,1.8074,0.0334,2.562488971608053,0.3017,0.9650635193695274,ok,
274,Maize,2.3639,0.0321,2.489214362963095,0.5566,0.7058868913550581,ok,
275,Cotton,0.6729,0.012,5.276503793114539,0.449,0.8251397239826296,ok,
276,Bajra,1.6778,0.0134,2.0291948436593867,0.3301,0.891812395926625,ok,
277,Groundnut,2.54,0.0357,4.694780266361103,0.3623,0.9455555644081016,ok,
278,Cotton,0.6353,0.0151,3.858422333073107,0.3536,0.9232629322163683,ok,
279,Groundnut,2.5465,0.0721,2.410240373836064,0.296,0.9466896879422498,ok,
280,Groundnut,2.3061,0.1079,3.045742324482226,0.2423,0.9939711281582676,ok,dw_only
281,Groundnut,2.2486,0.0436,3.0312380572889195,0.3342,0.8468308684175092,ok,
282,Groundnut,2.2337,0.1356,3.609860631385657,0.4607,0.800649759566761,ok,
283,Groundnut,2.9446,0.0604,5.652323311213009,0.2607,0.9676883883075807,ok,
284,Groundnut,2.104,0.0738,5.086558583460269,0.2928,0.9709586076403144,ok,
285,Groundnut,2.3329,0.0722,3.5623091894433454,0.3344,0.9601753438484568,ok,
286,Cotton,0.5613,0.0064,2.475576205543513,0.318,0.9322176113532452,ok,
287,Cotton,0.9021,0.0159,1.993825496157281,0.8515,0.3020508457187939,ok,
288,Cotton,0.6785,0.0295,5.774803811979972,0.4273,0.8452983659052574,ok,
289,Cotton,0.7109,0.0129,6.036889207698699,0.858,0.3425896596823805,ok,
290,Cotton,0.9106,0.0184,2.866324039490197,0.9744,0.085060776409247,ok,
291,Cotton,0.6692,0.0124,2.572203359906294,0.3317,0.9175471135986888,ok,
292,Cotton,0.9064,0.0209,2.581736378743565,0.9708,0.0915104735307716,ok,
293,Groundnut,2.8313,0.0922,3.5730937869519925,0.2367,0.9940880332393373,ok,
294,Cotton,0.8789,0.0229,3.977059206145124,0.9794,0.0691471855054922,ok,dw_only
295,Groundnut,2.7257,0.0278,2.267130629755398,0.3394,0.9485479679132532,ok,
296,Cotton,0.6792,0.006,3.452616468157199,0.5423,0.801360024680117,ok,
297,Groundnut,2.8,0.0776,2.856851667007999,0.2696,0.9750258364566576,ok,
298,Rice,1.7887,0.0455,4.317950178777295,0.3481,0.8352604568656217,ok,
299,Cotton,0.5157,0.0155,3.9957301571276256,0.3707,0.9140846606094888,ok,
300,Cotton,0.5972,0.0373,9.272378815628445,0.7474,0.4704243916288029,ok,
301,Rice,1.8033,0.0457,4.282754175629711,0.3407,0.9017039695660574,ok,
302,Bajra,1.9109,0.0457,3.987176206988878,0.282,0.9855271121000428,ok,
303,Cotton,0.725,0.0137,8.278462817700992,0.5091,0.7688423055556384,ok,dw_only
304,Cotton,0.5229,0.0043,3.425155600310534,0.4289,0.8930842757828531,ok,both
305,Rice,1.3708,0.0569,4.850724170740308,0.2511,0.9878819498494988,ok,both
306,Cotton,0.7198,0.0209,3.908479211530744,0.4012,0.8032480396291521,ok,
307,Groundnut,1.9815,0.0968,4.013166875625937,0.2557,0.988299283015061,ok,
308,Groundnut,2.6211,0.0446,3.6506552612599408,0.4105,0.8495604999043138,ok,
309,Groundnut,2.7008,0.0685,3.661052346525055,0.4645,0.8397111321491598,ok,
310,Rice,1.7137,0.0248,3.9443552304688656,0.317,0.9300498650662232,ok,
311,Cotton,0.7898,0.0189,6.267356135760109,0.4824,0.7361667240618441,ok,dw_only
312,Bajra,2.2766,0.0534,3.0829732416030984,0.3127,0.9393887292414294,ok,
313,Cotton,0.5774,0.011,3.503528994114729,0.2614,0.9870916069051195,ok,
314,Cotton,0.6352,0.05,6.370742548818191,0.6445,0.5170466275653361,ok,
315,Groundnut,2.0938,0.0444,3.945884524512551,0.3301,0.9201547233982958,ok,
316,Cotton,0.7584,0.0155,5.863944726897759,0.6741,0.5812149967293204,ok,
317,Groundnut,2.6405,0.0239,3.4834490086096808,0.3321,0.9122454681288944,ok,
318,Maize,2.3511,0.0317,3.072510444970338,0.5621,0.6834260886120558,ok,
319,Cotton,0.5905,0.016,3.511561833639634,0.4006,0.8434356841803808,ok,
320,Cotton,0.9076,0.0188,3.095125611158207,0.9758,0.0806464383326757,ok,
321,Cotton,0.7057,0.0073,5.636146890615922,0.6238,0.6409345612869083,ok,dw_only
322,Cotton,0.5134,0.0052,5.353451069015012,0.4384,0.8977945464759551,ok,both
323,Bajra,1.873,0.041,2.076982510566669,0.33,0.9278164829168076,ok,
324,Maize,2.5233,0.0385,3.802008341924664,0.6654,0.5549134648393595,ok,
325,Cotton,0.7243,0.065,3.329698883047961,0.7942,0.4111015209942606,ok,
326,Maize,2.6317,0.0522,3.369416614655424,0.7516,0.5071040054717596,ok,
327,Groundnut,2.4392,0.0629,2.483053749077444,0.4402,0.8083885307472063,ok,
328,Rice,1.7568,0.0534,3.1329371449104886,0.3358,0.8638191259575723,ok,
329,Bajra,1.8942,0.0108,3.158347415002172,0.3432,0.9152612292392772,ok,
330,Groundnut,2.8682,0.0266,1.7402255580517647,0.5035,0.8253080378490248,ok,
331,Groundnut,2.7912,0.0349,2.739826205794588,0.3967,0.8788281041205477,ok,
332,Bajra,2.2572,0.0831,5.247545949066312,0.2582,0.9904257169157512,ok,
333,Bajra,2.1846,0.0706,2.850121486908653,0.309,0.9538370036359076,ok,
334,Cotton,0.5913,0.0319,3.952253585494888,0.4102,0.8126154580988091,ok,
335,Rice,1.7883,0.0921,3.276991165078881,0.4674,0.7335976780054645,ok,
336,Groundnut,1.7397,0.0554,5.733202649770091,0.2504,0.9942280987292026,ok,
337,Groundnut,2.0389,0.0721,4.837186265651542,0.3919,0.8823608730237528,ok,
338,Groundnut,2.1744,0.0235,3.299628845682064,0.3785,0.933238047985644,ok,
339,Groundnut,1.8618,0.0233,2.1250851588596893,0.5328,0.7876740541660326,ok,
340,Rice,1.7723,0.0388,2.869998821492026,0.4769,0.8496813956147288,ok,dw_only
341,Groundnut,2.3365,0.1019,2.908332229550808,0.2388,0.9947090495038134,ok,
342,Cotton,0.6239,0.0087,6.696981294194354,0.288,0.9797205146089902,ok,
343,Groundnut,2.2823,0.0697,4.25972865931265,0.2445,0.9883119157530754,ok,
344,Cotton,0.8557,0.025,3.755637131876561,0.9781,0.0726044523445128,ok,
345,Bajra,1.9585,0.1152,2.820269043614172,0.3734,0.8570102591905323,ok,
346,Bajra,2.3378,0.1138,3.0705575918845014,0.3737,0.9177506121525336,ok,
347,Groundnut,2.0722,0.0674,2.742180459020781,0.3916,0.909113890682428,ok,
348,Bajra,1.8605,0.0728,5.737955221502043,0.3468,0.9171705340629994,ok,
349,Rice,1.7685,0.0192,2.5063371639883463,0.3093,0.9402325638848856,ok,
350,Groundnut,2.901,0.0779,4.452003167753108,0.3356,0.928794938488156,ok,
351,Cotton,0.5381,0.0037,2.64255785526991,0.3484,0.932758789210987,ok,
352,Groundnut,2.049,0.1409,3.664697225448148,0.4198,0.7830209139439805,ok,
353,Groundnut,2.6002,0.0358,3.3290312910050632,0.4023,0.876788125768626,ok,
354,Bajra,1.3756,0.039,8.878863869947564,0.3093,0.9361201016296726,ok,
355,Groundnut,2.0528,0.1425,4.03081364704741,0.3907,0.8474794722662254,ok,
356,Groundnut,2.6203,0.0387,2.405790605044921,0.4543,0.8778641302875134,ok,
357,Groundnut,2.6412,0.0715,2.004782088712209,0.3703,0.8979126178296007,ok,
358,Groundnut,2.6781,0.0718,3.1616328850327453,0.3053,0.9525864848066464,ok,
359,Groundnut,2.2932,0.2301,2.3525445270739933,0.6113,0.7052040390600688,ok,
360,Cotton,0.5073,0.0104,5.212548677592304,0.2452,0.9908602529646928,ok,
361,Groundnut,2.4851,0.0421,2.471723117461012,0.3983,0.8559613854174772,ok,
362,Groundnut,2.3661,0.0481,3.418182192611743,0.3878,0.8056527580417969,ok,
363,Cotton,0.6515,0.0193,3.9513370838635495,0.3749,0.8761465119966755,ok,
364,Groundnut,2.9067,0.0598,4.822172542355139,0.2747,0.9541841369020202,ok,
365,Bajra,1.787,0.0443,5.056512498729492,0.3403,0.956019373375968,ok,
366,Groundnut,2.1981,0.0182,3.875363416211509,0.2989,0.97051426441458,ok,
367,Bajra,1.9613,0.0791,8.07134588691398,0.3266,0.9460137294131205,ok,
368,Groundnut,2.3015,0.0274,3.008948101759118,0.3361,0.960297430133983,ok,
369,Cotton,0.5926,0.016,10.66995238474567,0.6325,0.6595554451787313,ok,dw_only
370,Cotton,0.5538,0.0123,6.089259432932886,0.6427,0.6850886900014107,ok,
371,Cotton,0.6423,0.0097,3.821371794403423,0.4229,0.8934417814544446,ok,
372,Cotton,0.5187,0.0067,5.353610892789932,0.4731,0.8677867472649368,ok,
373,Groundnut,2.6431,0.0429,2.1869433905081213,0.4011,0.8492020585110173,ok,
374,Groundnut,2.7145,0.045,1.7955543215669632,0.4004,0.9323514935844184,ok,
375,Rice,1.4871,0.026,4.445650641944596,0.3587,0.9336598738875762,ok,
376,Cotton,0.4919,0.0086,4.936234912816292,0.4897,0.8110169539825723,ok,
377,Rice,1.3419,0.0358,4.1340832000002585,0.3675,0.9357815720496974,ok,
378,Cotton,0.7934,0.0549,2.602392687169821,0.8355,0.350373386811992,ok,
379,Cotton,0.6204,0.0145,6.94531046812936,0.3585,0.9278596557114944,ok,
380,Cotton,0.7632,0.0169,5.136770136671055,0.7657,0.4598828452035927,ok,
381,Groundnut,2.1138,0.0355,4.562601340250079,0.3718,0.8849127192029722,ok,
382,Cotton,0.5436,0.0109,7.408549227804754,0.3753,0.905193328236156,ok,
383,Cotton,0.7541,0.0143,,0.2823,0.9587894470412368,partial,
384,Cotton,0.7541,0.0143,,0.2823,0.9587894470412368,partial,dw_only
385,Cotton,0.7541,0.0143,,0.2823,0.9587894470412368,partial,
386,Rice,1.1982,0.0774,10.954132291976505,0.993,0.0315955959499899,partial,both
387,Rice,1.096,0.0117,15.80584502597043,0.9945,0.0244097933315932,partial,both
388,Cotton,0.5341,0.0366,16.032121546623106,0.6084,0.5344532159968522,partial,
389,Cotton,0.7541,0.0143,,0.2823,0.9587894470412368,partial,dw_only
390,Cotton,0.7541,0.0143,,0.2823,0.9587894470412368,partial,
391,Cotton,0.7541,0.0143,,0.2823,0.9587894470412368,partial,
392,Cotton,0.7541,0.0143,,0.2823,0.9587894470412368,no_sar_data,
393,Cotton,0.7541,0.0143,,0.2823,0.9587894470412368,no_sar_data,
394,Cotton,0.7541,0.0143,,0.2823,0.9587894470412368,no_sar_data,
395,Cotton,0.7541,0.0143,,0.2823,0.9587894470412368,no_sar_data,
396,Cotton,0.7541,0.0143,,0.2823,0.9587894470412368,no_sar_data,
397,Cotton,0.7541,0.0143,,0.2823,0.9587894470412368,no_sar_data,
398,Cotton,0.7541,0.0143,,0.2823,0.9587894470412368,no_sar_data,
399,Cotton,0.7541,0.0143,,0.2823,0.9587894470412368,no_sar_data,dw_only
400,Cotton,0.7541,0.0143,,0.2823,0.9587894470412368,no_sar_data,dw_only
401,Cotton,0.7541,0.0143,,0.2823,0.9587894470412368,no_sar_data,
402,Cotton,0.7541,0.0143,,0.2823,0.9587894470412368,no_sar_data,dw_only
403,Cotton,0.7541,0.0143,,0.2823,0.9587894470412368,no_sar_data,dw_only
404,Cotton,0.7541,0.0143,,0.2823,0.9587894470412368,no_sar_data,dw_only
405,Cotton,0.7541,0.0143,,0.2823,0.9587894470412368,no_sar_data,dw_only
406,Cotton,0.7541,0.0143,,0.2823,0.9587894470412368,no_sar_data,
407,Cotton,0.7541,0.0143,,0.2823,0.9587894470412368,no_sar_data,dw_only
408,Cotton,0.7541,0.0143,,0.2823,0.9587894470412368,no_sar_data,dw_only
409,Cotton,0.7541,0.0143,,0.2823,0.9587894470412368,partial,
410,Cotton,0.4659,0.0165,29.5140030013638,0.8536,0.3413165209728912,partial,both
411,Cotton,0.7541,0.0143,,0.2823,0.9587894470412368,partial,dw_only
412,Cotton,0.7541,0.0143,,0.2823,0.9587894470412368,partial,
413,Cotton,0.7541,0.0143,,0.2823,0.9587894470412368,partial,
414,Cotton,0.7541,0.0143,,0.2823,0.9587894470412368,partial,
415,Maize,2.5632,0.13,,0.491,0.6517128955930435,partial,
416,Cotton,0.7541,0.0143,,0.2823,0.9587894470412368,partial,
417,Cotton,0.7541,0.0143,,0.2823,0.9587894470412368,no_sar_data,
418,Rice,1.8354,0.187,25.253568736017613,0.987,0.0525443270950323,partial,
419,Cotton,0.6711,0.0208,7.411925195657623,0.7827,0.4702170265526303,partial,
420,Maize,2.0663,0.1088,9.635665058995876,0.3095,0.8925781479521226,partial,dw_only
421,Groundnut,2.0546,0.0632,8.621498947004687,0.4668,0.8698605567433603,partial,both
422,Bajra,2.1326,0.0472,5.529471659415087,0.3344,0.93980191385922,partial,dw_only
423,Maize,2.2328,0.0464,7.98815284643258,0.3816,0.8965863967984017,partial,dw_only
424,Groundnut,2.5783,0.0487,8.65569112218546,0.2931,0.9400086091202534,partial,
425,Cotton,0.7363,0.0373,7.998631586032856,0.8405,0.3786863769880366,partial,
426,Groundnut,3.0113,0.0515,15.513168149355394,0.4275,0.8681997522905072,partial,
427,Groundnut,2.6713,0.0511,6.765313637892166,0.3602,0.901560732615951,partial,
428,Groundnut,2.6396,0.0847,8.064854914127379,0.3843,0.8095673356187248,partial,dw_only
429,Cotton,0.7862,0.0164,9.804833489838636,0.6613,0.5706929198881124,partial,
430,Cotton,0.7144,0.0465,10.888170095996475,0.5186,0.7709129761450647,partial,
431,Cotton,0.6128,0.0165,13.080574581349888,0.323,0.9435972453464736,partial,
432,Bajra,2.2045,0.1143,12.331230641310547,0.4413,0.8191559362684951,partial,
433,Groundnut,2.2701,0.0482,8.935649652910413,0.3778,0.8801349580159236,partial,
434,Cotton,0.7284,0.0233,11.268113887074234,0.7732,0.4936905731587981,partial,dw_only
435,Bajra,2.4493,0.027,15.268525933634786,0.3137,0.924384104025364,partial,dw_only
436,Cotton,0.6192,0.0162,12.52141284382946,0.3979,0.8720077973701497,partial,
437,Cotton,0.709,0.0163,8.445872385863062,0.344,0.8984900073650448,partial,
438,Cotton,0.7744,0.0261,8.703193833101647,0.3213,0.9169129223632104,partial,
439,Maize,2.6325,0.0553,10.573597697652108,0.5592,0.7541484984081896,partial,
440,Cotton,0.6077,0.012,7.513059317815735,0.2849,0.9483231018722316,partial,
441,Groundnut,3.166,0.0927,8.671517675153144,0.7031,0.6001351416867962,partial,
442,Groundnut,2.5218,0.0398,9.34267819123607,0.3684,0.8860330717923983,ok,dw_only
443,Bajra,2.0984,0.0604,6.012087893204102,0.4519,0.7908648741299561,ok,
444,Rice,1.0895,0.0098,16.50602786248961,0.9746,0.0880934800320322,partial,both
445,Rice,1.3852,0.1275,5.488830843483261,0.9794,0.0769744448921219,partial,dw_only
446,Cotton,0.4659,0.0165,15.694223183877206,0.8898,0.2420886075963844,partial,
447,Cotton,0.6514,0.0207,,0.3429,0.9107994738980868,partial,dw_only
448,Cotton,0.7541,0.0143,,0.2823,0.9587894470412368,partial,dw_only
449,Cotton,0.7541,0.0143,,0.2823,0.9587894470412368,partial,
450,Cotton,0.7541,0.0143,,0.2823,0.9587894470412368,partial,dw_only
451,Cotton,0.7541,0.0143,,0.2823,0.9587894470412368,partial,dw_only
452,Rice,1.1343,0.0344,17.475436943188896,0.9857,0.0565629226677265,partial,both
453,Cotton,0.4597,0.0115,32.96798536417606,0.7139,0.4256735082800355,partial,
454,Bajra,1.8618,0.0526,5.549987800492685,0.3605,0.8956579841071943,partial,
455,Bajra,1.9405,0.1181,9.010032399559654,0.5974,0.6556914358762723,partial,
456,Cotton,0.6537,0.0097,8.105292853833484,0.6585,0.6011988952292981,partial,
457,Cotton,0.6093,0.011,13.326370609281188,0.4271,0.8606371879466386,partial,
458,Cotton,0.6206,0.0258,11.185272839569462,0.3717,0.902988122610577,partial,
459,Rice,1.4581,0.1165,8.629038154539536,0.5945,0.710062161176691,partial,
460,Groundnut,3.2544,0.0375,7.831698000256051,0.4046,0.8783424075375083,partial,
461,Rice,1.8327,0.1881,9.937692651936606,0.9912,0.0371103421150932,partial,
462,Maize,2.4603,0.1124,,0.4517,0.7181347431893361,partial,dw_only
463,Rice,1.0874,0.005,20.190143456010887,0.9544,0.135420297317827,partial,both
464,Cotton,0.7541,0.0143,,0.2823,0.9587894470412368,no_sar_data,dw_only
465,Cotton,0.7541,0.0143,,0.2823,0.9587894470412368,no_sar_data,
466,Bajra,1.9895,0.0528,5.446389212454933,0.297,0.93577043649518,partial,
467,Groundnut,2.5438,0.0701,5.419058038186514,0.4786,0.7802151889881147,ok,dw_only
468,Rice,1.6598,0.1529,17.692356693626472,0.99,0.0427994740393058,partial,
469,Cotton,0.717,0.0223,8.239702141212298,0.5966,0.7026081965708239,ok,dw_only
470,Cotton,0.7436,0.02,8.323656926043926,0.377,0.9051523109368114,ok,dw_only
471,Cotton,0.7774,0.0098,6.631675956321439,0.6841,0.5972181343529175,ok,
472,Cotton,0.6578,0.013,8.221872493785611,0.4364,0.8636266653098659,ok,dw_only
473,Bajra,2.2147,0.0461,9.038038004252153,0.4288,0.8734501978068895,partial,dw_only
474,Cotton,0.5276,0.0113,16.066157279458764,0.7552,0.5091020853170282,ok,both
475,Rice,1.1814,0.0259,12.861591625938114,0.3322,0.9424299798099678,ok,both
476,Groundnut,2.6049,0.0981,11.44893962606173,0.3929,0.8110764157687155,ok,dw_only
477,Bajra,1.241,0.0401,11.259525883141707,0.4495,0.7311163481532688,ok,both
478,Bajra,2.1751,0.0305,18.161558546279554,0.4208,0.8852882405525839,ok,dw_only
479,Bajra,2.0082,0.0656,13.324310291707162,0.3841,0.8659092803177771,ok,
480,Groundnut,2.7218,0.1025,12.82588812597034,0.384,0.8781934650269831,ok,
481,Bajra,1.9789,0.0598,5.771915689202968,0.416,0.9121425177046332,ok,
482,Cotton,0.7659,0.0469,,0.7885,0.419242161081579,ok,dw_only
483,Maize,2.0037,0.0396,,0.5029,0.709487843500312,ok,dw_only
484,Cotton,0.6602,0.0123,9.169584351901818,0.4008,0.9082765450356856,ok,
485,Cotton,0.6054,0.0109,7.7702191497447,0.4319,0.8880291089645189,ok,
486,Rice,1.936,0.184,6.693942001684132,0.9816,0.0704779584357084,partial,
487,Bajra,1.5022,0.0878,10.682186862342952,0.4202,0.8242856670087182,partial,
488,Groundnut,2.4595,0.0996,8.038836655152815,0.482,0.745591046478451,partial,dw_only
489,Bajra,1.9287,0.0662,15.263186963918754,0.4394,0.790323375651321,partial,dw_only
490,Groundnut,2.6562,0.1498,10.006089323214356,0.4418,0.8724723917915381,partial,dw_only
491,Bajra,2.1783,0.0599,7.711935405888891,0.4093,0.8508747207593149,ok,
492,Cotton,0.6952,0.0157,11.793712717336826,0.483,0.8613610017132645,ok,dw_only
493,Cotton,0.7781,0.0178,9.779064876636712,0.3281,0.9219616355425024,partial,dw_only
494,Cotton,0.6398,0.0184,9.532137499926774,0.3276,0.9145659296671635,partial,dw_only
495,Bajra,1.604,0.0398,8.457010852478136,0.3888,0.92469664154485,partial,dw_only
496,Cotton,0.6515,0.0182,9.94891257575914,0.2806,0.938996779064716,partial,dw_only
497,Cotton,0.7297,0.0274,6.525260745060361,0.3395,0.9116763131650082,ok,dw_only
498,Bajra,2.3688,0.0194,6.936530986971409,0.3647,0.8955838219810018,ok,
499,Bajra,1.7337,0.0633,7.329456669535111,0.5452,0.6390410097872533,ok,
500,Groundnut,3.1166,0.0405,7.923135679214462,0.3971,0.8727732684351692,ok,
501,Cotton,0.6819,0.0237,7.778887155986952,0.4402,0.8504820402573396,ok,
502,Cotton,0.572,0.0099,8.847114144783824,0.2501,0.9845270955440149,ok,
503,Bajra,1.9366,0.0881,7.955401566406575,0.294,0.9762266502463016,ok,
504,Cotton,0.6226,0.0116,9.457525833766338,0.5056,0.8337489045042582,ok,
505,Bajra,2.1249,0.0482,7.669612893164706,0.3966,0.9323559213066396,ok,
506,Bajra,1.699,0.0418,15.164056603355451,0.4225,0.9108182926786202,ok,
507,Bajra,1.8019,0.0379,6.888731947270848,0.4719,0.8795551657348379,ok,
508,Bajra,1.842,0.0488,6.620550245838411,0.3599,0.8981808034317158,ok,
509,Bajra,1.991,0.0266,8.10323795095896,0.4426,0.8643608489779235,ok,
510,Cotton,0.7269,0.0392,9.752516619079168,0.583,0.745531478403516,ok,
511,Maize,2.2441,0.0232,5.119424070770597,0.4884,0.600397095082699,ok,dw_only
512,Cotton,0.5957,0.0097,7.600625074953671,0.3536,0.8976230272751585,ok,
513,Bajra,1.641,0.0257,9.840960041733991,0.3556,0.9474167532594848,ok,
514,Groundnut,2.0998,0.072,7.428999166284473,0.2684,0.9701226864554529,ok,
515,Cotton,0.5572,0.0088,11.359963827114065,0.4838,0.8680165382937077,ok,
516,Bajra,1.7793,0.0671,5.811311490815362,0.3331,0.9484715540289264,ok,
517,Cotton,0.8081,0.0126,10.519195714120531,0.8048,0.364640888556182,ok,dw_only
518,Bajra,2.4209,0.0325,18.162716178656456,0.3711,0.8207447690957058,ok,dw_only
519,Cotton,0.6233,0.0094,3.83027030469933,0.6409,0.643491594419219,ok,
520,Cotton,0.6439,0.0214,2.763056712364872,0.4606,0.8161509037866942,ok,
521,Cotton,0.6467,0.0099,5.703852869824456,0.3756,0.9228858580879712,ok,
522,Cotton,0.6079,0.0094,5.834771823947237,0.2612,0.9879498945136176,ok,
523,Cotton,0.6331,0.0644,11.86510076577786,0.7772,0.4339276895979362,ok,
524,Groundnut,2.3946,0.2309,3.1839313984150825,0.6073,0.7089069453963613,ok,
525,Bajra,2.5032,0.0538,5.8674413501326255,0.2584,0.9730946713158406,ok,
526,Groundnut,2.5716,0.2039,5.524028400101769,0.4808,0.791661710602114,ok,
527,Groundnut,2.1879,0.1275,1.8175898784130944,0.577,0.762004232564542,ok,
528,Groundnut,2.0255,0.0624,2.885334996652487,0.5749,0.739911265088811,ok,
529,Cotton,0.6421,0.0317,3.8567586185462175,0.4467,0.8276301110074892,ok,
530,Groundnut,1.6881,0.021,5.081929354771873,0.3738,0.9108477374876656,ok,both
531,Groundnut,2.9446,0.0432,13.547501757443396,0.3235,0.9224730986029476,ok,
532,Maize,2.3966,0.0643,7.559222555369663,0.3787,0.855800518729884,ok,
533,Cotton,0.7897,0.0142,5.613503496582027,0.7476,0.5003664444968492,ok,
534,Bajra,1.8679,0.0295,7.671543702382992,0.4522,0.8143415041322809,ok,dw_only
535,Cotton,0.5994,0.025,11.21637677137936,0.4479,0.8512362435305841,ok,dw_only
536,Groundnut,3.3525,0.0537,,0.628,0.6623400048834945,ok,dw_only
537,Groundnut,1.973,0.056,,0.4116,0.8714103510887538,ok,
538,Bajra,2.0603,0.0629,,0.4471,0.7170664705981388,ok,dw_only
539,Cotton,0.6559,0.0116,,0.6023,0.712965303165268,ok,dw_only
540,Cotton,0.8259,0.0164,15.541144404997247,0.4458,0.8546559241179207,ok,dw_only
541,Cotton,0.6351,0.0229,13.849079578422485,0.3129,0.9219963465727612,ok,dw_only
542,Cotton,0.7006,0.029,8.748013493825713,0.4003,0.833077214809743,ok,dw_only
543,Cotton,0.6495,0.0209,8.96825638669067,0.5087,0.7566349056713745,ok,dw_only
544,Groundnut,2.828,0.0711,2.6575025853557097,0.3575,0.9274618718822416,ok,
545,Maize,2.2592,0.0751,2.5482005560686205,0.3042,0.9550587013763958,ok,
546,Cotton,0.887,0.0288,2.437005341537617,0.9424,0.1573347446391285,ok,
547,Groundnut,2.525,0.1314,3.311307940329908,0.5824,0.7462836296105221,ok,
548,Groundnut,2.3547,0.0245,2.90512500751794,0.434,0.8735287832786378,ok,
549,Cotton,0.6507,0.0243,6.98777235715837,0.3648,0.909354035752198,ok,
550,Rice,1.5571,0.0406,4.356837607280662,0.4443,0.8712684270908985,ok,
551,Bajra,2.2477,0.0156,8.775804031113703,0.4515,0.8340527266016572,ok,
552,Bajra,1.764,0.0856,5.467746797340501,0.5404,0.7051561240744356,ok,
553,Bajra,2.2028,0.0351,7.326870167705876,0.4264,0.8664350732120296,ok,
554,Bajra,1.9376,0.039,4.614832416527177,0.4015,0.9098387606512264,ok,
555,Groundnut,2.3661,0.0571,2.266289237721133,0.3905,0.7743085312431923,ok,
556,Cotton,0.8218,0.0279,5.215233238600782,0.972,0.0885582383439424,ok,
557,Cotton,0.8602,0.0205,6.382149903261489,0.9553,0.1292332606375114,ok,
558,Bajra,2.0276,0.0271,2.55865997265797,0.3784,0.8663745821700373,ok,
559,Maize,2.6072,0.145,4.557538686919042,0.4922,0.5099106561158004,ok,
560,Bajra,1.9766,0.0438,3.506486279332277,0.3875,0.9120810630793208,ok,
561,Cotton,0.7149,0.0635,4.752852749128939,0.4778,0.5818980518155304,ok,
562,Cotton,0.8222,0.0296,7.9647513153823315,0.6078,0.5161142577279123,ok,
563,Cotton,0.6419,0.0331,7.513867752125574,0.6119,0.6031357679170704,ok,
564,Cotton,0.6237,0.0156,6.06036480305868,0.4034,0.8804939866051489,ok,
565,Cotton,0.6777,0.0135,11.55768343038281,0.5565,0.797356992074477,ok,dw_only
566,Cotton,0.638,0.0119,6.473832600294964,0.301,0.9707485645185058,ok,dw_only
567,Cotton,0.5488,0.0084,5.6220900641021565,0.3348,0.93397711700427,ok,
568,Cotton,0.7249,0.0228,13.20982763221021,0.7638,0.4781674765604602,ok,
569,Groundnut,1.9847,0.0446,3.8407068356064618,0.4061,0.8867855802633232,ok,
570,Cotton,0.8721,0.0256,2.129108052923487,0.9607,0.1161010120386042,ok,dw_only
571,Groundnut,3.2442,0.0178,3.167798403365976,0.3914,0.8996197090615538,ok,
572,Cotton,0.7381,0.0177,3.92152288154279,0.3868,0.9186033331890602,ok,
573,Groundnut,2.8823,0.0848,2.488135523191893,0.4215,0.8590721545891722,ok,
574,Cotton,0.6934,0.0485,3.6253432263357817,0.727,0.5021700341375889,ok,
575,Groundnut,2.5342,0.1162,3.732555163335401,0.2811,0.9664748323680756,ok,
576,Groundnut,2.1326,0.0926,9.919747636329724,0.2644,0.9695565003578512,ok,
577,Cotton,0.6494,0.0097,10.48015164002039,0.8298,0.3664500561132398,ok,
578,Cotton,0.7456,0.0477,4.975209707198655,0.4859,0.719849526441851,ok,
579,Cotton,0.8729,0.0545,3.878818258984616,0.5145,0.588031328499916,ok,
580,Cotton,0.7265,0.0227,8.61317251027846,0.5156,0.804145533657189,ok,
581,Cotton,0.6609,0.0202,5.658938922824654,0.5708,0.7837627913306382,ok,
582,Cotton,0.7034,0.018,4.574816488956119,0.8866,0.2745247908840167,ok,
583,Groundnut,2.247,0.2068,3.3861474771464435,0.6122,0.7132867055418515,ok,
584,Maize,2.5179,0.1039,3.479015326418343,0.4761,0.5998320482680775,ok,
585,Cotton,0.7991,0.0235,5.652159439597429,0.8888,0.2624875133995391,ok,
586,Bajra,2.159,0.0837,10.514605273671684,0.4407,0.8616983499810337,ok,
587,Cotton,0.6468,0.0082,12.029122221762927,0.6884,0.6122248998895483,ok,
588,Bajra,2.1571,0.0864,9.251729744878894,0.3761,0.8579636750075991,ok,
589,Bajra,2.266,0.068,,0.7241,0.4924959912608881,ok,
590,Cotton,0.5924,0.0187,11.133950326428806,0.6094,0.7221520479982476,ok,
591,Cotton,0.5632,0.0171,11.462438587473107,0.3086,0.9251585314551743,ok,
592,Cotton,0.696,0.0131,3.3580676622040984,0.347,0.8309471327360406,ok,
593,Groundnut,3.2366,0.0209,3.2033650957105952,0.4108,0.8572060452260054,ok,
594,Cotton,0.8498,0.0274,2.356384358832568,0.9741,0.083578029275022,ok,
595,Cotton,0.8402,0.0136,3.1641988791003746,0.9431,0.1536136327284681,ok,
596,Groundnut,2.5295,0.0646,4.8416899949368,0.328,0.9492200270630772,ok,
597,Cotton,0.5181,0.0166,10.56849912856399,0.3866,0.9035469907850386,ok,both
598,Cotton,0.6333,0.012,7.787841689485026,0.2537,0.9699183485105892,ok,dw_only
599,Cotton,0.5947,0.0187,4.697137873907913,0.3045,0.9368477213177916,ok,dw_only
600,Cotton,0.5656,0.0097,6.259730316402077,0.5107,0.8028302202706645,ok,both
601,Bajra,1.8253,0.0361,9.39274738282165,0.2655,0.9810743937069236,ok,dw_only
602,Cotton,0.7119,0.0142,14.84513767046551,0.7399,0.5182196944001072,ok,dw_only
603,Cotton,0.5095,0.0117,8.680583913536386,0.2451,0.9701674056534032,ok,both
604,Cotton,0.6068,0.009,6.638181563222986,0.3826,0.9072820695314509,ok,dw_only
605,Cotton,0.5132,0.0141,8.630834759869273,0.7479,0.5243562583449586,ok,both
606,Bajra,1.5875,0.0731,5.2162729693512535,0.4239,0.7923414766574602,ok,dw_only
607,Groundnut,2.0053,0.0692,10.110691237139395,0.5067,0.8265995485136155,ok,both
608,Cotton,0.8316,0.0183,7.877254321017982,0.6301,0.5537588398366075,ok,dw_only
609,Groundnut,2.1671,0.0376,14.266529411230367,0.3927,0.8907169586676991,ok,dw_only
610,Cotton,0.6073,0.0132,14.747844261116397,0.6244,0.6848187065099435,ok,dw_only
611,Maize,2.1619,0.063,,0.3851,0.8918233863880052,ok,dw_only
612,Cotton,0.5393,0.0093,10.564654415062767,0.6697,0.6434024898918606,ok,both
613,Cotton,0.5735,0.0074,5.985424790223423,0.4357,0.8995579039273129,ok,
614,Cotton,0.5924,0.0137,6.118507063674659,0.5884,0.7186405961079622,ok,
615,Cotton,0.8479,0.0204,2.909948679461973,0.9618,0.1122149969043954,ok,
616,Groundnut,2.098,0.0342,1.9023087109311083,0.4432,0.8396828225704348,ok,
617,Cotton,0.6636,0.0172,4.587733088011525,0.3104,0.9074761921082904,ok,
618,Groundnut,2.4968,0.0472,4.021399137981495,0.3154,0.9497705261600397,ok,
619,Cotton,0.6565,0.011,6.5783258097285024,0.4938,0.8465106547709854,ok,
620,Bajra,1.6861,0.0337,5.67484516216984,0.3773,0.8957205895946339,ok,
621,Cotton,0.6926,0.0163,5.805009432658215,0.5108,0.7987780135591809,ok,
622,Groundnut,2.6495,0.0723,4.537720033710225,0.3393,0.9400683945135648,ok,
623,Bajra,2.0236,0.0165,4.391239827203022,0.3159,0.9317525371907088,ok,
624,Groundnut,2.5819,0.0514,2.3343359978697165,0.4365,0.8770781849511147,ok,
625,Cotton,0.6909,0.0125,8.506929496815701,0.6756,0.6395627045365615,ok,dw_only
626,Cotton,0.6691,0.0143,7.582846040851507,0.5053,0.808668256230208,ok,dw_only
627,Groundnut,1.9717,0.0223,4.235831165530099,0.3025,0.9447203140531322,ok,
628,Cotton,0.6798,0.0118,8.613716103683815,0.344,0.8992723111711656,ok,
629,Maize,2.219,0.0469,4.5712901056982185,0.3515,0.921317642506198,ok,
630,Cotton,0.6577,0.0153,7.663372422177088,0.2791,0.950085217456743,ok,
631,Cotton,0.6225,0.0092,3.6179909954869416,0.3873,0.9028869218670924,ok,
632,Bajra,2.0502,0.0171,4.92811794641485,0.3405,0.9325890803823444,ok,
633,Bajra,1.8272,0.0329,4.227162205040985,0.392,0.8291204604448722,ok,dw_only
634,Bajra,1.7338,0.0353,5.970449816506392,0.3585,0.80751012989102,ok,dw_only
635,Bajra,2.547,0.0142,,0.4791,0.8301008347204609,ok,
636,Cotton,0.6107,0.0316,20.04981946628772,0.3605,0.8843904821211453,ok,dw_only
637,Bajra,1.788,0.0598,12.426973582190968,0.4539,0.7950266058452089,ok,dw_only
638,Bajra,1.6201,0.0794,6.925449479599149,0.4608,0.7938505965698275,ok,
639,Groundnut,1.8142,0.0469,7.918163665665288,0.4203,0.9015283143705975,ok,both
640,Bajra,1.5397,0.0463,6.763768059290158,0.2814,0.9664869505218854,ok,both
641,Groundnut,2.6275,0.038,5.715008839290945,0.3059,0.963994198304043,ok,dw_only
642,Groundnut,2.8937,0.1381,,0.4241,0.7723478628379514,ok,
643,Rice,1.5747,0.0129,6.745589574382921,0.371,0.9417331435835908,ok,
644,Bajra,1.7952,0.0277,7.413469758900382,0.265,0.9774971761408648,ok,dw_only
645,Cotton,0.8406,0.0106,3.252224824840476,0.9187,0.2079782974903125,ok,
646,Bajra,1.712,0.0377,7.254846588511134,0.28,0.9592238709105876,ok,
647,Cotton,0.6074,0.0143,16.409399921866047,0.7831,0.4967712086340413,ok,
648,Cotton,0.7337,0.0223,11.873349123828724,0.841,0.3659117640727995,ok,
649,Cotton,0.7707,0.0169,7.525115594566015,0.2702,0.9582724891409105,ok,
650,Groundnut,2.5195,0.0523,7.295337131137919,0.3587,0.870644988680495,ok,dw_only
651,Bajra,1.6254,0.0672,6.565597744770652,0.423,0.8159576255836201,ok,dw_only
652,Cotton,0.6274,0.0182,10.59850771870622,0.2771,0.970475910422921,ok,dw_only
653,Cotton,0.5957,0.0163,5.045364328555618,0.2835,0.9784584739311084,ok,
654,Bajra,2.1961,0.0214,5.19868553095785,0.3363,0.9417057572457872,ok,
655,Groundnut,2.5593,0.0513,3.245528941575288,0.4082,0.8718022444963878,ok,
656,Bajra,2.2909,0.0477,4.907250178348871,0.278,0.9557155688364198,ok,
657,Bajra,1.9806,0.0666,4.892343119177629,0.4065,0.8193228282599346,ok,
658,Bajra,1.9172,0.063,4.4669277458667125,0.3469,0.8772916371001673,ok,
659,Cotton,0.6074,0.0073,4.602085461994529,0.4266,0.8718783742248135,ok,
660,Maize,1.8922,0.0383,6.901187995384967,0.2699,0.9550888136199392,ok,
661,Cotton,0.8133,0.0183,5.06712571745985,0.73,0.5371321543899528,ok,dw_only
662,Cotton,0.8651,0.0218,3.5181859841237944,0.9774,0.0753861231026436,ok,
663,Cotton,0.6073,0.0245,4.600539578060797,0.6264,0.6775907769925983,ok,
664,Groundnut,2.0818,0.0866,3.523455993936352,0.4219,0.8324823229399956,ok,
665,Cotton,0.6987,0.0688,3.768643431232353,0.7397,0.496868023163826,ok,
666,Cotton,0.9034,0.0285,2.506986678939461,0.8222,0.3284198091879797,ok,
667,Cotton,0.7243,0.0312,5.801705569961903,0.7056,0.5752842633492586,ok,
668,Groundnut,2.7495,0.0389,10.809098011041296,0.2957,0.9343052662700848,ok,
669,Bajra,2.106,0.0577,6.645649559404341,0.287,0.917642311357348,ok,
670,Bajra,1.7168,0.0886,5.516112967506807,0.4154,0.7973852482745178,ok,
671,Cotton,0.8283,0.0309,49.968809372056725,0.786,0.5009746893357999,ok,
672,Groundnut,1.8619,0.028,8.342581602624243,0.6148,0.6926804995613518,ok,
673,Cotton,0.5247,0.0078,10.791622192974442,0.3391,0.9614374785707694,ok,
674,Bajra,2.401,0.0663,4.301098870683105,0.2531,0.97600537140649,ok,
675,Groundnut,2.8375,0.0492,8.538041328220762,0.2765,0.9667838981124982,ok,dw_only
676,Groundnut,2.7826,0.1107,16.323705460008682,0.5891,0.6343404001198337,ok,
677,Groundnut,2.3009,0.0379,15.858557992073186,0.4724,0.8478932344798542,ok,
678,Maize,2.1472,0.0442,4.345896729650499,0.4628,0.7062562970927286,ok,
679,Cotton,0.8801,0.0082,6.262570950137326,0.7837,0.410757637254511,ok,
680,Cotton,0.7316,0.0258,5.430282164519991,0.4683,0.6439179657320403,ok,
681,Cotton,0.7199,0.0267,8.181941209147043,0.9013,0.2567093482639939,ok,
682,Cotton,0.5587,0.0217,6.2929207743628295,0.6167,0.587466103620469,ok,both
683,Cotton,0.7045,0.0144,6.851751282773617,0.2942,0.9676881277328784,ok,dw_only
684,Cotton,0.7516,0.0259,10.955468992919473,0.5262,0.8193337301053528,ok,
685,Groundnut,2.0203,0.0604,7.564415939711032,0.3595,0.9152356641804502,ok,
686,Groundnut,2.3866,0.0421,7.569832058423404,0.4533,0.8849245695009529,ok,
687,Cotton,0.5593,0.0151,7.95847053078784,0.3498,0.933730912144485,ok,both
688,Groundnut,2.5983,0.0542,2.571790381546519,0.3478,0.8921863423098004,ok,
689,Rice,1.5893,0.1232,3.2654594341805496,0.5302,0.6974547004213218,ok,
690,Rice,1.5425,0.0533,3.581232530379619,0.4038,0.8913352345339427,ok,
691,Rice,1.4059,0.0457,2.438163761502192,0.3053,0.884641072693693,ok,
692,Bajra,1.6271,0.0251,8.257120981852927,0.3491,0.8945646658905709,ok,
693,Cotton,0.7033,0.0145,8.02395701376911,0.3262,0.9343731574898754,ok,
694,Cotton,0.8455,0.0183,2.850582033619931,0.9626,0.1138538421827393,ok,dw_only
695,Groundnut,3.1894,0.0354,11.919270971982582,0.3179,0.9331541053423348,ok,dw_only
696,Cotton,0.7281,0.0102,8.939457471486442,0.6967,0.5811149840685584,ok,dw_only
697,Cotton,0.7024,0.007,11.730268029065687,0.6509,0.6525523959495971,ok,dw_only
698,Cotton,0.6596,0.0303,7.461865536226471,0.4439,0.8270967382297404,ok,dw_only
699,Groundnut,2.2086,0.0986,6.65029878872866,0.2414,0.9884482909276258,ok,dw_only
700,Bajra,2.0699,0.0609,6.007843936247202,0.437,0.748146692608388,ok,dw_only
701,Bajra,1.7091,0.0202,5.734152525352997,0.3536,0.9145552528355434,ok,dw_only
702,Groundnut,2.3826,0.0604,6.514032481811041,0.3403,0.893972245623436,ok,dw_only
703,Cotton,0.6466,0.0105,5.993424909774968,0.7553,0.523205193426708,ok,dw_only
704,Bajra,1.5781,0.0471,1.984789076581632,0.3536,0.8195193078003118,ok,
705,Cotton,0.888,0.0129,7.9728259366904,0.8964,0.2594400760710134,ok,dw_only
706,Bajra,1.9108,0.0559,6.223966198899026,0.4143,0.90356625446173,ok,
707,Cotton,0.6871,0.0103,2.3307992973606764,0.3337,0.90910796444095,ok,dw_only
708,Groundnut,2.3615,0.1269,3.075718531685985,0.4488,0.8477540891397561,ok,
709,Groundnut,2.4739,0.0317,3.3528121420189483,0.3778,0.915357813915726,ok,
710,Cotton,0.8662,0.0452,6.902620995530334,0.6194,0.5461746608742235,ok,
711,Cotton,0.6921,0.0181,6.049566047194899,0.6763,0.6379727427021815,ok,
712,Cotton,0.696,0.0165,7.886341783812107,0.3875,0.9085808299227048,ok,dw_only
713,Cotton,0.7499,0.0136,7.936553116977882,0.7365,0.5493092840048605,ok,dw_only
714,Rice,1.7444,0.0581,8.115367783333996,0.3033,0.9252234395236156,ok,dw_only
715,Cotton,0.8816,0.0272,7.748464408923501,0.5596,0.5130875752966545,ok,
716,Groundnut,2.224,0.0609,6.915391471531443,0.3088,0.95624543695497,ok,dw_only
717,Cotton,0.739,0.0166,4.838728226123311,0.4112,0.914010783588914,ok,
718,Bajra,1.8246,0.0263,7.146601646862704,0.2853,0.9626115095322076,ok,dw_only
719,Cotton,0.7911,0.049,3.333504294380335,0.51,0.693416936400048,ok,
720,Maize,2.511,0.083,10.420972006017658,0.4866,0.7132548625388031,ok,
721,Cotton,0.7726,0.0575,4.355472896614024,0.4953,0.651596462287075,ok,
722,Cotton,0.859,0.0492,3.052302249344218,0.6631,0.4683011535567589,ok,
723,Cotton,0.8244,0.033,3.245065974988006,0.821,0.3439512723791508,ok,
724,Cotton,0.5824,0.03,3.988380152126218,0.6348,0.6721495102070579,ok,
725,Groundnut,2.7988,0.0633,2.454668538306405,0.3578,0.9230802183500034,ok,
726,Cotton,0.6973,0.0201,5.258863985243446,0.3011,0.9567258849763915,ok,
727,Groundnut,2.5342,0.3042,2.595592611376432,0.6296,0.6337078471909451,ok,
728,Bajra,1.6127,0.0156,2.844683495034992,0.3197,0.9088629266499338,ok,
729,Cotton,0.6123,0.0303,3.056053166923135,0.3457,0.8925231922563196,ok,
730,Cotton,0.7849,0.0551,2.280262753379409,0.5334,0.5966313703515145,ok,
731,Groundnut,3.0719,0.0522,7.227630773766985,0.302,0.9131639992646428,ok,
732,Cotton,0.7909,0.0162,6.000660165058413,0.8881,0.2981681004994226,ok,
733,Cotton,0.8499,0.0506,2.137151336901976,0.6156,0.5275108175207079,ok,
734,Maize,2.6493,0.0331,6.76765810429152,0.6175,0.6267326113175751,ok,
735,Cotton,0.8364,0.0288,10.288852832620025,0.6505,0.5115099578925395,ok,
736,Cotton,0.7459,0.0149,9.090927992941229,0.638,0.6484040003857542,ok,
737,Cotton,0.7666,0.0156,6.915814547424561,0.4524,0.8000322953256912,ok,
738,Cotton,0.6108,0.0114,4.2796487008627215,0.3534,0.906206697949146,ok,
739,Cotton,0.7173,0.024,2.562522115010737,0.5248,0.7517529264268352,ok,
740,Cotton,0.606,0.0134,6.786285513890173,0.3588,0.9039973236576108,partial,
741,Rice,1.8858,0.1796,5.032572633455204,0.9881,0.0491786731661332,partial,
742,Cotton,0.4696,0.0183,18.11613964153965,0.9824,0.0646167003492962,partial,
743,Groundnut,2.9915,0.0819,6.834717222972913,0.3021,0.9228232566494898,partial,
744,Bajra,1.8976,0.0692,14.494252808194156,0.4201,0.7882451722694901,partial,
745,Rice,1.0874,0.0056,20.882876364714548,0.9731,0.0918880353540805,partial,
746,Rice,1.0874,0.0076,24.833795632792867,0.852,0.29333404453573,partial,
747,Rice,1.9606,0.1839,6.990842314997852,0.9906,0.0405737501967454,partial,
748,Groundnut,3.106,0.0538,8.025402707090262,0.3885,0.864266433214538,partial,dw_only
749,Groundnut,2.1689,0.0859,7.919498923388031,0.367,0.9069636979548192,partial,dw_only
750,Groundnut,2.6532,0.0659,7.300309273705364,0.4307,0.874736804516713,partial,dw_only
751,Groundnut,3.0108,0.0873,8.066764968729785,0.3986,0.8593877144994522,partial,
752,Cotton,0.7241,0.0156,6.931395548658778,0.6393,0.6663073995453878,partial,
753,Cotton,0.7832,0.0269,8.614244429684295,0.4179,0.8676244432307175,partial,
754,Cotton,0.8201,0.0173,7.493101599288064,0.5338,0.7340841961280747,ok,
755,Cotton,0.6623,0.0377,7.66498086458655,0.9592,0.1136004832334184,ok,dw_only
756,Cotton,0.7629,0.0135,5.932707385243136,0.6723,0.55376583461171,ok,dw_only
757,Groundnut,2.8447,0.0451,6.156948821660763,0.4342,0.8552898900896669,ok,
758,Cotton,0.8163,0.0151,13.733074655430594,0.6751,0.6130100330484696,ok,dw_only
759,Groundnut,2.9674,0.0438,7.082948218703295,0.2819,0.9319531038865208,ok,dw_only
760,Bajra,2.2028,0.0293,9.349643085846884,0.3071,0.93579454321103,ok,dw_only
761,Groundnut,3.0481,0.0942,9.197528795803162,0.3159,0.915498229903762,ok,dw_only
762,Bajra,1.9017,0.0273,5.306957776155325,0.4135,0.8661761520887031,ok,
763,Maize,2.3796,0.0646,4.4911834245810605,0.3951,0.8258718673963761,ok,
764,Groundnut,2.4238,0.0237,6.140088231450211,0.3394,0.9164300346120708,ok,dw_only
765,Groundnut,2.7106,0.0326,6.138280052751281,0.3331,0.9332959499258454,ok,
766,Cotton,0.7042,0.0172,10.061885970753275,0.4091,0.8991386655738834,ok,
767,Groundnut,1.9786,0.0197,7.234455212302526,0.3639,0.9271432426120698,ok,
768,Bajra,2.0447,0.0364,6.843763306515201,0.363,0.9008274598343488,ok,
769,Cotton,0.6066,0.0108,11.417181542211347,0.3435,0.9197414348103472,ok,
770,Cotton,0.6158,0.0162,9.580877377875217,0.5209,0.8159916438660022,ok,
771,Cotton,0.5279,0.0069,9.935590120142058,0.3824,0.9189510048017618,ok,both
772,Cotton,0.5951,0.0063,10.416381579008934,0.5963,0.713442104516775,ok,
773,Cotton,0.5809,0.011,8.015275895927754,0.3313,0.9593761572399782,ok,
774,Maize,1.9226,0.0314,7.345538947553884,0.416,0.8105178319721101,ok,
775,Groundnut,2.4943,0.0615,8.488779151288506,0.377,0.8373964807283794,ok,
776,Bajra,1.5632,0.0723,7.171088518022577,0.2961,0.9300812683931708,ok,
777,Bajra,1.738,0.0091,7.777355762387192,0.3662,0.9125039499361208,ok,
778,Bajra,1.9585,0.0193,5.009085500761127,0.3322,0.9413762697612318,ok,
779,Bajra,1.4755,0.0173,5.223551418363286,0.3651,0.8940496895859261,ok,
780,Bajra,1.7839,0.047,6.606203926344959,0.3383,0.9308457882578826,ok,
781,Groundnut,1.8028,0.0463,5.847180709905344,0.4073,0.8948817331385599,ok,
782,Groundnut,2.4098,0.0759,5.187482385327957,0.2245,0.9958697684656768,ok,
783,Cotton,0.6918,0.0299,6.352127118170678,0.4159,0.8768926389785133,ok,
784,Maize,1.9635,0.0198,3.60176385416323,0.274,0.9614784617293148,ok,
785,Groundnut,2.167,0.0544,3.489888267527494,0.3088,0.933830556175061,ok,
786,Groundnut,2.0941,0.0143,4.032538664608551,0.4119,0.8948733430080011,ok,
787,Bajra,1.8529,0.0567,6.23430021791784,0.3971,0.8169314230471413,ok,dw_only
788,Bajra,1.7226,0.1325,10.554238284182308,0.4078,0.8149130221608601,ok,dw_only
789,Cotton,0.5802,0.0118,8.689840255986827,0.4357,0.8234011984500881,ok,dw_only
790,Groundnut,2.2852,0.0232,7.351687804215097,0.3791,0.9329412469432816,ok,dw_only
791,Groundnut,3.391,0.0298,8.357653011778366,0.359,0.8827164604457113,ok,dw_only
792,Bajra,2.1603,0.0399,13.066276027302791,0.3027,0.9611120210467672,ok,dw_only
793,Bajra,1.7998,0.0338,5.2764540344836455,0.3245,0.9327494042340294,ok,
794,Bajra,1.9073,0.0212,8.599558305221896,0.2861,0.9857743430258276,ok,
795,Maize,2.455,0.0528,6.739542350033758,0.4834,0.6577985377541268,ok,
796,Cotton,0.718,0.0351,8.201123478642362,0.4442,0.8055188840948688,partial,
797,Cotton,0.7386,0.0394,8.528603337778874,0.9284,0.2052277637057836,partial,
798,Cotton,0.7942,0.0134,12.056848557927278,0.466,0.7504993929530277,partial,
799,Cotton,0.5051,0.0117,12.699323950451754,0.521,0.7922774488937641,partial,both
800,Maize,2.1729,0.0322,9.771158450247642,0.426,0.8620242500620868,partial,dw_only
801,Groundnut,2.468,0.0979,12.27393277372867,0.4679,0.8272163782983906,partial,
802,Maize,2.5094,0.0904,8.82723971591973,0.4246,0.8553641370343397,ok,
803,Bajra,2.1558,0.0485,8.835282382854453,0.2878,0.9414860608192148,ok,
804,Bajra,2.334,0.0163,,0.5494,0.7936123238326714,ok,
805,Bajra,2.3359,0.0541,20.036614501177027,0.4261,0.7887998879360527,ok,
806,Bajra,2.4166,0.0448,,0.6244,0.5642594633139577,ok,
807,Groundnut,3.2479,0.1141,14.791091165145453,0.454,0.7169839117770792,ok,
808,Groundnut,3.1216,0.0397,8.243746198076202,0.3518,0.8845897645190637,ok,
809,Maize,1.863,0.0484,9.47154833206444,0.331,0.93864219800783,ok,
810,Cotton,0.694,0.0156,8.553733089208922,0.3465,0.8946401347694538,ok,
811,Bajra,2.0462,0.0528,5.706042619342011,0.3813,0.896265380885149,partial,dw_only
812,Cotton,0.7404,0.0216,7.472013262865539,0.4495,0.8506989568580807,partial,
813,Cotton,0.7378,0.0164,6.692519188658038,0.3926,0.8668719023504865,partial,
814,Cotton,0.8927,0.0152,12.298809740294944,0.6625,0.5218524084637995,ok,
815,Bajra,2.46,0.0341,9.508140597465758,0.6417,0.6273483388754252,ok,
816,Bajra,1.8773,0.0309,11.31268421366767,0.5159,0.7746377274761529,ok,
817,Cotton,0.548,0.0098,9.447424013571156,0.3033,0.9379577300620252,ok,
818,Groundnut,2.184,0.0266,11.748354698606798,0.3231,0.9299642340139236,ok,
819,Bajra,2.1461,0.0497,9.37407326875486,0.6206,0.7106723630089706,ok,
820,Groundnut,2.5532,0.0257,12.088882401460909,0.3897,0.9065435416085338,ok,dw_only
821,Bajra,2.0448,0.0711,9.534953613454432,0.4538,0.8911673234236996,ok,dw_only
822,Bajra,1.5819,0.1689,14.225891576723528,0.4691,0.6504648114818705,ok,dw_only
823,Groundnut,3.2669,0.0702,,0.4715,0.6757698317906803,ok,
824,Cotton,0.7541,0.0143,,0.2823,0.9587894470412368,no_sar_data,
825,Cotton,0.7541,0.0143,,0.2823,0.9587894470412368,no_sar_data,dw_only
826,Cotton,0.7541,0.0143,,0.2823,0.9587894470412368,partial,dw_only
827,Cotton,0.7541,0.0143,,0.2823,0.9587894470412368,partial,dw_only
828,Cotton,0.7541,0.0143,,0.2823,0.9587894470412368,partial,dw_only
829,Groundnut,2.8228,0.1773,10.749136354253944,0.4029,0.8568955558023176,ok,
830,Cotton,0.6768,0.0154,6.573769321880052,0.4726,0.8490117553591653,ok,
831,Bajra,2.2666,0.0237,8.2605550086738,0.4088,0.9185415565161892,ok,
832,Cotton,0.5827,0.0071,5.809726123623749,0.4424,0.8704882940419246,ok,dw_only
833,Cotton,0.6223,0.0136,9.130808966629042,0.5348,0.8130459954632423,ok,
834,Cotton,0.6547,0.0131,6.411934246529602,0.2821,0.957025329206067,ok,dw_only
835,Maize,1.9941,0.039,7.691411698692131,0.2578,0.96389952088276,ok,
836,Groundnut,2.5109,0.1143,8.635421962928639,0.2686,0.9702827821328392,ok,dw_only
837,Bajra,2.3927,0.0213,17.0994877614209,0.4535,0.8609039857817494,ok,
838,Bajra,1.7361,0.0365,8.649569750207874,0.3835,0.9337281398349976,ok,
839,Cotton,0.6874,0.0155,6.310271738715835,0.3239,0.9408536997579632,ok,
840,Cotton,0.6439,0.0098,5.522378219538291,0.3871,0.911390762214016,ok,
841,Cotton,0.7804,0.0293,9.669653652754503,0.6259,0.6935939271328637,ok,
842,Cotton,0.6994,0.018,12.216544819337232,0.5226,0.7982192138563453,ok,
843,Bajra,2.2084,0.0375,9.979150783132118,0.5796,0.7567974994810547,ok,dw_only
844,Groundnut,2.3655,0.0434,2.62858869562028,0.3638,0.9155399023053312,ok,
845,Cotton,0.7734,0.0112,2.6230370495371096,0.5826,0.64111447778905,ok,
846,Bajra,1.6701,0.0395,2.594528231394505,0.4151,0.8009427033841625,ok,
847,Cotton,0.5992,0.0104,5.301831671817322,0.3597,0.938324808883542,ok,
848,Rice,1.715,0.0394,2.221143999891193,0.3568,0.8597017787838427,ok,
849,Groundnut,2.7646,0.0572,2.014169832230126,0.5279,0.8252020728291856,ok,
850,Cotton,0.7803,0.012,6.261624674803919,0.5396,0.7795564392925088,ok,
851,Bajra,1.9927,0.021,8.33085697588649,0.329,0.9542589374998386,ok,
852,Rice,1.3837,0.0824,8.665662175661264,0.3994,0.7931883657671042,ok,
853,Rice,1.6813,0.0919,7.820296903642154,0.4055,0.825607243332656,ok,
854,Groundnut,2.5525,0.2156,7.463453256229948,0.4844,0.8009408225671486,ok,
855,Bajra,2.0458,0.0571,20.355173756869625,0.4675,0.750799853768015,ok,
856,Bajra,1.9243,0.0471,8.502404943084684,0.4867,0.7685950484122298,ok,
857,Cotton,0.6435,0.0128,10.198389289940746,0.2486,0.9792212695438728,ok,
858,Bajra,1.7475,0.0339,8.565533830660748,0.3599,0.9230480497380767,ok,
859,Bajra,1.9646,0.0345,6.108939108380167,0.3019,0.9434613210306064,ok,
860,Bajra,1.8244,0.0748,7.933074331337889,0.5545,0.6827878262583962,ok,dw_only
861,Cotton,0.7811,0.0197,5.979341030399899,0.4085,0.8499551422152347,ok,dw_only
862,Cotton,0.8672,0.0246,,0.4752,0.7011471832895183,ok,dw_only
863,Cotton,0.8059,0.041,,0.5313,0.7660127054132313,ok,dw_only
864,Bajra,1.5645,0.1351,5.714920868641254,0.3756,0.8333080478042432,ok,both
865,Bajra,2.1162,0.0342,7.862163606290728,0.6501,0.677633480688683,ok,dw_only
866,Cotton,0.7628,0.0182,7.462506668001294,0.7328,0.4626796356346337,ok,dw_only
867,Cotton,0.7194,0.0213,6.267093162386529,0.2895,0.9159661263354344,ok,
868,Bajra,2.3756,0.043,6.264168012443124,0.3925,0.83199271944825,ok,
869,Bajra,2.1035,0.049,7.416514515474175,0.4357,0.788419917029909,ok,
870,Cotton,0.7814,0.0141,5.1573196677256,0.5387,0.7336771227721568,ok,
871,Maize,2.2633,0.0664,12.372956153011764,0.3278,0.9386558988270396,ok,dw_only
872,Groundnut,2.9767,0.0274,13.225820889406434,0.3036,0.9447017002632287,ok,dw_only
873,Cotton,0.7161,0.0207,22.587464218829,0.465,0.8055717238160763,ok,dw_only
874,Maize,2.2138,0.042,2.2945045893544345,0.2367,0.9881841226636652,ok,
875,Cotton,0.7579,0.0151,7.894923755013776,0.7491,0.5180899773617732,ok,
876,Groundnut,2.9994,0.0297,7.587939790596756,0.398,0.8972607919948037,ok,
877,Groundnut,2.2948,0.2435,7.779178087655511,0.6209,0.6975697480126745,ok,
878,Cotton,0.6947,0.0114,4.70719881303382,0.436,0.8556217861282996,ok,dw_only
879,Bajra,1.837,0.1035,5.9473920066212616,0.3801,0.8347840573878504,ok,
880,Bajra,1.8696,0.0957,6.370896634055288,0.4218,0.7927763449024379,ok,dw_only
881,Groundnut,2.8613,0.055,8.117728325997895,0.4982,0.829307964590765,ok,dw_only
882,Groundnut,2.496,0.049,8.894608300971846,0.3821,0.9043237344114328,ok,
883,Groundnut,2.6667,0.0535,5.349327105963759,0.3044,0.9521088301736644,ok,
884,Cotton,0.5723,0.0091,8.860972917788757,0.7063,0.5999357631458161,ok,
885,Groundnut,2.6291,0.1587,11.078319636554694,0.5264,0.7802107181705302,ok,
886,Groundnut,2.4776,0.1736,11.2639775830709,0.4912,0.7343354942034966,ok,dw_only
887,Bajra,2.1366,0.1064,10.009114859985674,0.6628,0.575102836618438,partial,
888,Bajra,2.1551,0.0273,5.793881305834538,0.3312,0.9402720493866628,ok,
889,Groundnut,2.3591,0.0859,11.687884146703926,0.4496,0.7314336969138017,ok,
890,Bajra,1.7366,0.0511,7.456501647459299,0.516,0.7934008857667191,ok,
891,Bajra,1.6058,0.0326,6.677721999190787,0.3953,0.8720749839873635,ok,
892,Groundnut,2.5184,0.0992,8.78693448937256,0.3461,0.910753652545098,ok,dw_only
893,Cotton,0.7627,0.0152,9.7107792538053,0.7551,0.429457425126569,ok,
894,Bajra,1.3392,0.0449,11.441969767697032,0.4095,0.7908954382620138,ok,
895,Cotton,0.6834,0.0104,17.980746600831026,0.5086,0.6768369447593291,ok,
896,Bajra,2.1056,0.0167,6.338534293779122,0.34,0.9492114017849388,ok,dw_only
897,Cotton,0.6767,0.0404,9.067279034466164,0.4031,0.8388014892605309,ok,dw_only
898,Cotton,0.6931,0.0061,8.130296873667787,0.6375,0.7025868389871159,ok,dw_only
899,Cotton,0.6936,0.0222,10.474443794124827,0.3659,0.846457791121586,ok,dw_only
900,Maize,2.0658,0.057,8.516088621376404,0.4308,0.9017536259758708,ok,dw_only
901,Cotton,0.6029,0.0233,17.845506930363396,0.7123,0.5028645590761545,ok,
902,Cotton,0.659,0.0093,9.853913064775378,0.5474,0.7312347912680643,ok,dw_only
903,Groundnut,2.8778,0.0801,12.532048390690528,0.2958,0.944424894289529,ok,
904,Rice,1.483,0.0907,18.225113356495743,0.3339,0.8317550560098085,ok,
905,Cotton,0.694,0.0154,8.74640672870996,0.7051,0.6035824342476063,ok,
906,Cotton,0.7146,0.0207,9.52713733129569,0.5818,0.7511679255238082,ok,
907,Bajra,1.7896,0.0488,6.741422218278209,0.2606,0.9800467272062644,ok,
908,Cotton,0.78,0.0202,7.138664029939171,0.3946,0.8376650859542167,ok,
909,Cotton,0.7022,0.0141,5.978955270682775,0.6637,0.5784082878601935,ok,
910,Cotton,0.6919,0.0098,9.949894728596863,0.5848,0.7014186841814878,ok,dw_only
911,Cotton,0.6945,0.0263,9.41542054407428,0.3371,0.9247687861322978,ok,
912,Cotton,0.8177,0.0336,17.50421921691868,0.7615,0.5240488422127363,ok,dw_only
913,Bajra,1.6633,0.0183,5.920036404488335,0.3443,0.9330017129216992,ok,dw_only
914,Groundnut,2.1048,0.0148,3.0080130987296583,0.4112,0.9107375316460125,ok,
915,Bajra,2.0005,0.0703,10.489648287005265,0.4207,0.8337021241165058,ok,dw_only
916,Cotton,0.6406,0.0162,6.427189439970604,0.2773,0.9509153802863411,ok,
917,Groundnut,2.9977,0.1067,5.831877405316395,0.2667,0.9358762207659482,ok,
918,Groundnut,2.5542,0.0324,13.10083628942584,0.3479,0.9122282598547068,ok,
919,Cotton,0.7541,0.0143,,0.2823,0.9587894470412368,no_sar_data,dw_only
920,Cotton,0.7541,0.0143,,0.2823,0.9587894470412368,no_sar_data,dw_only
921,Bajra,1.8523,0.0795,6.527486919610645,0.3849,0.9255315122639388,ok,dw_only
922,Cotton,0.8429,0.0248,,0.4698,0.7337016903175165,ok,dw_only
923,Bajra,2.5928,0.0117,,0.4333,0.8550773881204307,ok,
924,Maize,2.7993,0.0961,,0.6435,0.6401783341345595,ok,
925,Maize,2.2803,0.0185,9.420091402341136,0.4459,0.8347196486975158,ok,
926,Cotton,0.864,0.0218,7.567137161756548,0.5626,0.5934999632822544,ok,
927,Groundnut,2.7892,0.0506,6.801793205830068,0.3568,0.890702581199378,ok,
928,Bajra,1.9677,0.0563,6.588910797642991,0.3139,0.9323134642905592,ok,
929,Cotton,0.7659,0.0065,11.080242631875812,0.695,0.5873787899708017,ok,
930,Groundnut,2.3101,0.0188,8.498958944732857,0.3431,0.9383021014082864,ok,
931,Rice,2.0027,0.1604,6.696720582396558,0.9638,0.1233674793843703,partial,
932,Cotton,0.6826,0.0124,8.996604759733788,0.6614,0.6766608799174811,ok,dw_only
933,Cotton,0.7267,0.0201,12.36014981419322,0.3604,0.9067245006722368,ok,dw_only
934,Cotton,0.754,0.0131,7.183469768624456,0.3822,0.858133804414263,ok,
935,Rice,1.6343,0.0397,9.498055488452644,0.2389,0.9915165535705496,ok,
936,Maize,2.1986,0.033,11.346996200978491,0.3935,0.8822847560706705,ok,
937,Cotton,0.6891,0.0314,4.299928994710236,0.432,0.8167937508549075,ok,
938,Bajra,1.6721,0.0318,13.42967709983724,0.4352,0.8580736767789551,ok,dw_only
939,Cotton,0.7855,0.0206,7.162803668500711,0.7266,0.5650458515510128,ok,dw_only
940,Groundnut,2.3491,0.0592,6.302585385378837,0.3927,0.8854309644038423,ok,dw_only
941,Cotton,0.8162,0.0115,10.90125973594767,0.6853,0.5068738204175542,ok,
942,Groundnut,2.0035,0.0715,17.265660345790725,0.3798,0.8767238221669039,ok,
943,Groundnut,2.4649,0.05,10.354391294550773,0.3362,0.9269892270588196,ok,
944,Cotton,0.7594,0.0191,12.529020071117076,0.2745,0.938182122068056,ok,
945,Cotton,0.6229,0.0263,7.0093093028311735,0.5667,0.7529993510915488,ok,
946,Cotton,0.5859,0.0282,6.718327169107324,0.4545,0.8091582443885359,ok,dw_only
947,Groundnut,2.632,0.0527,5.423081256826196,0.3538,0.9343030807049196,ok,dw_only
948,Bajra,1.9382,0.0392,6.722779239723812,0.5436,0.7219873343889227,ok,dw_only
949,Cotton,0.7446,0.0125,8.137376846798402,0.6763,0.6044656697108316,ok,dw_only
950,Groundnut,2.6288,0.0934,8.636776779213198,0.4124,0.8899412860518053,ok,dw_only
951,Bajra,2.1972,0.0436,11.8065545111971,0.3953,0.9216922956079732,ok,
952,Bajra,1.7613,0.1333,7.86916798743031,0.434,0.8213365513764028,ok,
953,Bajra,2.1876,0.0156,11.487071618162265,0.4334,0.8147218383431581,ok,
954,Groundnut,2.723,0.0631,13.626919356748973,0.2948,0.93699599331632,ok,dw_only
955,Groundnut,2.5676,0.0495,6.606330016203245,0.4832,0.7567135321092922,ok,
956,Groundnut,2.1796,0.0642,6.673732251162817,0.3773,0.8243088635272663,ok,
957,Cotton,0.7968,0.0169,8.451677191318655,0.3192,0.903609957967464,ok,dw_only
958,Bajra,1.9084,0.0696,6.762251880749472,0.5567,0.7048485057891427,partial,
959,Cotton,0.6764,0.0207,9.247080827584831,0.4831,0.8089279586418254,partial,
960,Groundnut,1.6152,0.0212,21.33207553968023,0.7061,0.4860294508900884,partial,both
961,Cotton,0.7541,0.0143,,0.2823,0.9587894470412368,no_sar_data,
962,Cotton,0.7541,0.0143,,0.2823,0.9587894470412368,no_sar_data,
963,Cotton,0.7541,0.0143,,0.2823,0.9587894470412368,no_sar_data,dw_only
964,Cotton,0.7541,0.0143,,0.2823,0.9587894470412368,no_sar_data,dw_only
965,Cotton,0.7541,0.0143,,0.2823,0.9587894470412368,no_sar_data,
966,Rice,1.1519,0.0502,11.107239872804064,0.9832,0.0633284490634461,partial,both
