village_id,farm_id,crop_type,health_index,npix_peak,on_attention_list,retain_F2.0,retain_F1.0,retain_F0.5,index_sd_F1
1,1,Rice,39.63,66,False,0.012,0.024,0.04,9.31
1,2,Rice,45.61,55,False,0.002,0.022,0.046,11.03
1,3,Rice,52.08,148,False,0.0,0.0,0.0,6.41
1,4,Maize,71.84,1,False,0.208,0.284,0.38,33.39
1,5,Groundnut,27.09,165,False,0.174,0.202,0.156,6.1
1,6,Cotton,44.6,259,False,0.0,0.0,0.0,3.84
1,7,Bajra,43.64,46,False,0.014,0.012,0.024,11.71
1,8,Groundnut,53.14,283,False,0.0,0.0,0.0,5.0
1,9,Cotton,48.01,117,False,0.0,0.0,0.0,5.47
1,10,Cotton,45.55,92,False,0.0,0.0,0.002,6.1
1,11,Cotton,32.56,130,False,0.002,0.02,0.016,4.67
1,12,Cotton,48.29,127,False,0.0,0.0,0.0,5.41
1,13,Rice,68.55,125,False,0.0,0.0,0.0,7.13
1,14,Cotton,53.92,67,False,0.0,0.0,0.0,6.66
1,15,Cotton,34.13,40,False,0.042,0.076,0.086,8.41
1,16,Groundnut,30.97,26,False,0.25,0.288,0.328,14.85
1,17,Cotton,63.94,5,False,0.014,0.082,0.134,22.64
1,18,Cotton,16.72,6,True,0.66,0.634,0.57,16.05
1,19,Bajra,56.23,10,False,0.056,0.086,0.132,22.42
1,20,Rice,63.65,79,False,0.0,0.0,0.004,8.95
1,21,Rice,73.76,162,False,0.0,0.0,0.0,5.55
1,22,Cotton,14.09,108,True,0.99,0.948,0.828,3.77
1,23,Bajra,4.1,5,True,0.906,0.794,0.62,16.31
1,24,Rice,39.93,58,False,0.02,0.072,0.114,10.53
1,25,Cotton,56.66,16,False,0.002,0.02,0.052,13.21
1,26,Rice,79.63,133,False,0.0,0.0,0.0,5.82
1,27,Rice,67.37,154,False,0.0,0.0,0.0,6.79
1,28,Cotton,48.54,61,False,0.0,0.0,0.0,7.31
1,29,Rice,64.18,162,False,0.0,0.0,0.0,6.3
1,30,Cotton,81.96,82,False,0.0,0.0,0.0,3.71
1,31,Maize,69.01,172,False,0.0,0.0,0.0,5.18
1,32,Rice,47.1,21,False,0.052,0.112,0.14,16.58
1,33,Cotton,49.36,194,False,0.0,0.0,0.0,4.59
1,34,Rice,81.78,135,False,0.0,0.0,0.0,5.55
1,35,Rice,66.23,313,False,0.0,0.0,0.0,4.79
1,36,Maize,33.74,289,False,0.016,0.022,0.024,4.44
1,37,Rice,68.91,151,False,0.0,0.0,0.0,6.45
1,38,Rice,61.14,137,False,0.0,0.0,0.0,6.66
1,39,Cotton,23.15,188,True,0.364,0.248,0.186,3.88
1,40,Cotton,50.1,158,False,0.0,0.0,0.0,4.69
1,41,Cotton,81.32,302,False,0.0,0.0,0.0,2.26
1,42,Cotton,90.4,438,False,0.0,0.0,0.0,1.71
1,43,Cotton,40.25,194,False,0.0,0.0,0.0,4.07
1,44,Cotton,50.42,92,False,0.0,0.0,0.0,6.24
1,45,Cotton,53.14,116,False,0.0,0.0,0.0,5.4
1,46,Cotton,53.16,9,False,0.048,0.096,0.126,18.69
1,47,Cotton,62.64,326,False,0.0,0.0,0.0,3.3
1,48,Cotton,33.73,161,False,0.004,0.006,0.006,4.52
1,49,Rice,68.41,464,False,0.0,0.0,0.0,4.03
1,50,Cotton,78.33,25,False,0.0,0.0,0.002,10.32
1,51,Cotton,67.03,2,False,0.076,0.094,0.15,25.1
1,52,Cotton,36.57,16,False,0.148,0.184,0.254,13.53
1,53,Cotton,61.45,47,False,0.0,0.0,0.0,8.45
1,54,Maize,68.47,40,False,0.0,0.0,0.002,9.28
1,55,Maize,87.35,52,False,0.0,0.0,0.0,6.5
1,56,Rice,57.85,100,False,0.0,0.0,0.0,8.1
1,57,Maize,48.49,1,False,0.378,0.418,0.428,30.71
1,58,Cotton,69.04,13,False,0.0,0.008,0.028,14.59
1,59,Cotton,50.36,255,False,0.0,0.0,0.0,3.95
1,60,Groundnut,55.98,71,False,0.0,0.0,0.008,9.89
1,61,Cotton,26.93,103,False,0.114,0.112,0.12,5.19
1,62,Cotton,32.72,136,False,0.012,0.054,0.096,4.82
1,63,Rice,66.0,230,False,0.0,0.0,0.0,5.43
1,64,Cotton,31.75,305,False,0.0,0.004,0.008,3.07
1,65,Rice,65.67,246,False,0.0,0.0,0.0,5.45
1,66,Rice,62.46,136,False,0.0,0.0,0.0,6.72
1,67,Cotton,77.35,287,False,0.0,0.0,0.0,2.62
1,68,Cotton,33.79,150,False,0.0,0.006,0.002,4.74
1,69,Cotton,83.58,309,False,0.0,0.0,0.0,2.74
1,70,Cotton,46.93,361,False,0.0,0.0,0.0,3.91
1,71,Groundnut,77.94,147,False,0.0,0.0,0.0,5.82
1,72,Maize,50.77,90,False,0.0,0.0,0.0,6.67
1,73,Maize,23.49,85,True,0.686,0.602,0.558,5.92
1,74,Cotton,76.68,295,False,0.0,0.0,0.0,2.69
1,75,Cotton,24.69,389,True,0.168,0.13,0.06,2.69
1,76,Cotton,24.92,434,True,0.15,0.104,0.088,2.62
1,77,Cotton,18.8,310,True,0.968,0.822,0.606,2.72
1,78,Rice,57.95,108,False,0.0,0.0,0.0,7.43
1,79,Rice,51.8,169,False,0.0,0.0,0.0,6.18
1,80,Rice,48.29,446,False,0.0,0.0,0.0,3.89
1,81,Maize,67.66,492,False,0.0,0.0,0.0,3.7
1,82,Maize,36.76,347,False,0.002,0.008,0.0,4.22
1,83,Cotton,18.66,134,True,0.908,0.736,0.556,3.89
1,84,Cotton,59.27,37,False,0.0,0.0,0.0,9.59
1,85,Cotton,84.85,410,False,0.0,0.0,0.0,1.96
1,86,Cotton,85.62,944,False,0.0,0.0,0.0,1.65
1,87,Cotton,51.26,235,False,0.0,0.0,0.0,4.01
1,88,Rice,55.66,68,False,0.0,0.0,0.004,9.38
1,89,Rice,49.21,226,False,0.0,0.0,0.002,5.62
1,90,Cotton,45.55,101,False,0.0,0.0,0.0,5.6
1,91,Cotton,44.51,50,False,0.0,0.006,0.012,7.85
1,92,Cotton,41.78,54,False,0.0,0.002,0.01,8.0
1,93,Cotton,44.29,28,False,0.0,0.026,0.032,10.84
1,94,Cotton,46.97,68,False,0.0,0.0,0.006,6.85
1,95,Cotton,71.32,69,False,0.0,0.0,0.0,6.7
1,96,Cotton,63.2,381,False,0.0,0.0,0.0,3.1
1,97,Cotton,37.92,178,False,0.0,0.0,0.006,4.28
1,98,Cotton,71.95,57,False,0.0,0.0,0.0,7.38
1,99,Cotton,68.28,12,False,0.0,0.022,0.074,15.98
1,100,Maize,59.05,329,False,0.0,0.0,0.0,3.98
1,101,Cotton,53.56,270,False,0.0,0.0,0.0,3.98
1,102,Cotton,50.46,274,False,0.0,0.0,0.0,3.82
1,103,Cotton,97.67,253,False,0.0,0.0,0.0,0.88
1,104,Groundnut,67.24,401,False,0.0,0.0,0.0,4.09
1,105,Cotton,92.78,274,False,0.0,0.0,0.0,1.61
1,106,Cotton,87.04,410,False,0.0,0.0,0.0,1.77
1,107,Cotton,26.76,92,False,0.216,0.244,0.244,5.53
1,108,Cotton,85.58,492,False,0.0,0.0,0.0,1.83
1,109,Cotton,18.68,105,True,0.86,0.668,0.452,4.32
1,110,Cotton,81.36,283,False,0.0,0.0,0.0,2.3
1,111,Groundnut,49.19,592,False,0.0,0.0,0.0,3.57
1,112,Maize,61.59,120,False,0.0,0.0,0.0,5.9
1,113,Rice,45.04,122,False,0.0,0.0,0.002,6.94
1,114,Groundnut,14.56,925,True,1.0,0.998,0.992,2.54
1,115,Cotton,42.21,372,False,0.0,0.0,0.0,2.98
1,116,Groundnut,50.43,468,False,0.0,0.0,0.0,3.96
1,117,Cotton,74.18,164,False,0.0,0.0,0.0,4.08
1,118,Rice,57.62,310,False,0.0,0.0,0.0,4.8
1,119,Cotton,78.38,150,False,0.0,0.0,0.0,3.19
1,120,Cotton,75.67,351,False,0.0,0.0,0.0,3.25
1,121,Cotton,76.25,416,False,0.0,0.0,0.0,2.65
1,122,Groundnut,66.78,267,False,0.0,0.0,0.0,5.03
1,123,Cotton,43.38,196,False,0.0,0.0,0.0,4.09
1,124,Groundnut,20.97,240,True,0.86,0.826,0.754,4.11
1,125,Groundnut,55.44,333,False,0.0,0.0,0.0,4.51
1,126,Groundnut,28.14,217,False,0.062,0.054,0.044,5.25
1,127,Groundnut,61.38,136,False,0.0,0.0,0.0,7.11
1,128,Groundnut,85.07,61,False,0.0,0.0,0.0,8.07
1,129,Groundnut,69.59,67,False,0.0,0.0,0.0,9.27
1,130,Cotton,45.03,375,False,0.0,0.0,0.0,3.08
1,131,Groundnut,68.54,95,False,0.0,0.0,0.0,8.58
1,132,Bajra,55.98,56,False,0.0,0.0,0.008,11.19
1,133,Groundnut,71.16,68,False,0.0,0.0,0.0,9.0
1,134,Groundnut,38.88,162,False,0.0,0.002,0.008,6.3
1,135,Cotton,15.84,803,True,1.0,1.0,0.998,1.87
1,136,Cotton,60.99,173,False,0.0,0.0,0.0,4.42
1,137,Cotton,92.1,601,False,0.0,0.0,0.0,1.7
1,138,Cotton,95.16,273,False,0.0,0.0,0.0,1.48
1,139,Groundnut,49.88,327,False,0.0,0.0,0.0,4.66
1,140,Cotton,30.53,65,False,0.02,0.044,0.034,6.59
1,141,Maize,57.86,134,False,0.0,0.0,0.0,5.7
1,142,Groundnut,73.9,652,False,0.0,0.0,0.0,3.37
1,143,Cotton,44.33,199,False,0.0,0.0,0.0,4.36
1,144,Groundnut,76.78,859,False,0.0,0.0,0.0,3.02
1,145,Groundnut,76.2,415,False,0.0,0.0,0.0,3.94
1,146,Cotton,29.91,210,False,0.004,0.006,0.006,3.64
1,147,Cotton,77.97,183,False,0.0,0.0,0.0,4.07
1,148,Cotton,37.32,71,False,0.004,0.008,0.01,6.37
1,149,Maize,38.6,371,False,0.002,0.002,0.004,3.86
1,150,Cotton,30.87,240,False,0.0,0.006,0.016,3.47
1,151,Cotton,79.81,139,False,0.0,0.0,0.0,4.32
1,152,Groundnut,56.4,85,False,0.0,0.0,0.0,8.78
1,153,Cotton,52.02,71,False,0.0,0.0,0.0,6.9
1,154,Cotton,94.26,213,False,0.0,0.0,0.0,1.51
1,155,Bajra,43.26,129,False,0.002,0.004,0.004,7.82
1,156,Groundnut,72.02,268,False,0.0,0.0,0.0,4.65
1,157,Groundnut,54.8,120,False,0.0,0.0,0.002,7.88
1,158,Maize,33.23,125,False,0.034,0.06,0.072,5.61
1,159,Cotton,41.27,211,False,0.0,0.0,0.0,4.03
1,160,Cotton,9.78,209,True,1.0,1.0,0.996,2.41
1,161,Cotton,27.45,139,False,0.082,0.074,0.056,4.35
1,162,Cotton,49.07,71,False,0.0,0.0,0.0,6.61
1,163,Cotton,86.85,297,False,0.0,0.0,0.0,2.04
1,164,Cotton,25.91,290,False,0.214,0.228,0.246,3.18
1,165,Groundnut,58.48,238,False,0.0,0.0,0.0,5.39
1,166,Groundnut,59.19,403,False,0.0,0.0,0.0,4.49
1,167,Groundnut,38.79,244,False,0.0,0.0,0.002,5.32
1,168,Groundnut,56.69,234,False,0.0,0.0,0.0,5.64
1,169,Maize,75.17,402,False,0.0,0.0,0.0,4.15
1,170,Groundnut,31.94,164,False,0.016,0.03,0.042,6.11
1,171,Cotton,26.49,76,False,0.186,0.15,0.114,5.64
1,172,Groundnut,92.92,221,False,0.0,0.0,0.0,3.18
1,173,Cotton,71.2,341,False,0.0,0.0,0.0,2.66
1,174,Cotton,38.39,304,False,0.0,0.0,0.0,3.6
1,175,Cotton,48.08,38,False,0.0,0.0,0.012,9.04
1,176,Cotton,15.77,38,True,0.9,0.766,0.67,6.26
1,177,Cotton,29.89,114,False,0.038,0.03,0.072,4.98
1,178,Cotton,46.05,68,False,0.0,0.0,0.014,7.03
1,179,Cotton,19.8,76,True,0.782,0.706,0.59,5.14
1,180,Bajra,40.78,152,False,0.0,0.0,0.0,6.91
1,181,Rice,40.16,86,False,0.01,0.026,0.028,8.67
1,182,Rice,29.18,140,False,0.148,0.144,0.106,6.44
1,183,Rice,35.92,98,False,0.036,0.052,0.074,7.91
1,184,Rice,49.31,271,False,0.0,0.0,0.0,5.03
1,185,Cotton,50.36,119,False,0.0,0.0,0.0,5.23
1,186,Cotton,9.98,230,True,1.0,1.0,1.0,2.21
1,187,Cotton,51.93,65,False,0.0,0.0,0.002,7.13
1,188,Cotton,32.37,232,False,0.0,0.004,0.014,3.68
1,189,Cotton,58.55,143,False,0.0,0.0,0.0,4.96
1,190,Groundnut,60.28,182,False,0.0,0.0,0.0,6.38
1,191,Cotton,59.76,41,False,0.0,0.0,0.0,8.91
1,192,Bajra,45.67,147,False,0.0,0.0,0.0,6.75
1,193,Groundnut,59.69,363,False,0.0,0.0,0.0,4.64
1,194,Rice,54.04,178,False,0.0,0.0,0.0,6.11
1,195,Groundnut,37.84,70,False,0.018,0.03,0.044,9.83
1,196,Groundnut,67.38,59,False,0.0,0.0,0.0,9.98
1,197,Bajra,76.18,53,False,0.0,0.0,0.0,10.05
1,198,Groundnut,63.22,27,False,0.0,0.01,0.044,14.69
1,199,Cotton,52.79,760,False,0.0,0.0,0.0,2.39
1,200,Cotton,68.97,278,False,0.0,0.0,0.0,3.06
1,201,Groundnut,51.79,322,False,0.0,0.0,0.0,4.66
1,202,Rice,9.2,232,True,1.0,1.0,0.994,3.19
1,203,Rice,32.44,184,False,0.05,0.064,0.08,5.66
1,204,Groundnut,74.55,313,False,0.0,0.0,0.0,4.33
1,205,Cotton,65.36,192,False,0.0,0.0,0.0,3.64
1,206,Cotton,52.11,247,False,0.0,0.0,0.0,4.13
1,207,Cotton,20.47,215,True,0.762,0.574,0.364,3.09
1,208,Groundnut,55.2,119,False,0.0,0.0,0.002,7.93
1,209,Cotton,69.52,38,False,0.0,0.0,0.002,8.91
1,210,Cotton,9.76,76,True,1.0,0.996,0.966,3.69
1,211,Cotton,70.04,37,False,0.0,0.0,0.0,9.03
1,212,Rice,58.37,122,False,0.0,0.0,0.0,7.82
1,213,Cotton,76.5,91,False,0.0,0.0,0.0,4.34
1,214,Groundnut,32.42,165,False,0.05,0.102,0.146,6.25
1,215,Groundnut,67.92,94,False,0.0,0.0,0.0,8.32
1,216,Cotton,77.98,747,False,0.0,0.0,0.0,1.92
1,217,Cotton,30.01,542,False,0.0,0.002,0.002,2.57
1,218,Cotton,78.72,157,False,0.0,0.0,0.0,3.49
1,219,Cotton,78.26,139,False,0.0,0.0,0.0,3.6
1,220,Rice,79.31,207,False,0.0,0.0,0.0,5.03
1,221,Rice,63.33,120,False,0.0,0.0,0.0,7.15
1,222,Rice,27.5,75,False,0.328,0.286,0.324,7.75
1,223,Rice,63.35,230,False,0.0,0.0,0.0,5.22
1,224,Rice,50.74,133,False,0.0,0.0,0.002,7.45
1,225,Rice,24.68,124,True,0.548,0.458,0.466,6.25
1,226,Rice,49.37,311,False,0.0,0.0,0.0,4.77
1,227,Rice,53.15,569,False,0.0,0.0,0.0,3.57
1,228,Maize,31.49,137,False,0.082,0.074,0.068,5.26
1,229,Groundnut,35.68,247,False,0.0,0.0,0.004,5.42
1,230,Cotton,76.45,548,False,0.0,0.0,0.0,2.1
1,231,Groundnut,57.34,281,False,0.0,0.0,0.0,5.1
1,232,Cotton,32.63,66,False,0.018,0.054,0.072,6.77
1,233,Rice,32.02,478,False,0.02,0.038,0.032,4.06
1,234,Groundnut,47.99,235,False,0.0,0.0,0.0,5.34
1,235,Cotton,86.24,320,False,0.0,0.0,0.0,2.03
1,236,Groundnut,42.22,300,False,0.0,0.0,0.0,5.08
1,237,Cotton,21.35,157,True,0.648,0.526,0.348,3.7
1,238,Cotton,28.25,55,False,0.128,0.132,0.148,6.62
1,239,Groundnut,59.46,189,False,0.0,0.0,0.0,5.84
1,240,Cotton,43.02,199,False,0.0,0.0,0.0,4.5
1,241,Groundnut,38.54,400,False,0.0,0.0,0.0,4.24
1,242,Bajra,36.66,73,False,0.042,0.066,0.054,9.34
1,243,Maize,24.6,79,True,0.544,0.47,0.414,6.51
1,244,Cotton,28.95,263,False,0.006,0.014,0.002,3.39
1,245,Rice,51.22,100,False,0.0,0.0,0.008,8.35
1,246,Cotton,72.1,436,False,0.0,0.0,0.0,2.7
1,247,Cotton,26.99,103,False,0.14,0.158,0.136,4.98
1,248,Cotton,81.76,163,False,0.0,0.0,0.0,3.2
1,249,Groundnut,28.12,84,False,0.184,0.216,0.184,8.41
1,250,Cotton,50.49,139,False,0.0,0.0,0.0,4.91
1,251,Groundnut,58.31,157,False,0.0,0.0,0.0,6.42
1,252,Groundnut,48.08,341,False,0.0,0.0,0.0,4.58
1,253,Cotton,85.56,225,False,0.0,0.0,0.0,2.28
1,254,Groundnut,27.55,757,False,0.01,0.012,0.004,3.13
1,255,Bajra,57.42,109,False,0.0,0.0,0.0,8.36
1,256,Cotton,34.26,90,False,0.002,0.014,0.02,6.23
1,257,Cotton,26.37,69,False,0.212,0.19,0.166,6.28
1,258,Groundnut,30.26,211,False,0.058,0.078,0.134,5.07
1,259,Rice,36.49,233,False,0.0,0.002,0.006,5.49
1,260,Groundnut,36.8,625,False,0.0,0.0,0.0,3.49
1,261,Groundnut,89.94,257,False,0.0,0.0,0.0,3.37
1,262,Groundnut,49.03,424,False,0.0,0.0,0.0,4.06
1,263,Maize,56.41,266,False,0.0,0.0,0.0,4.53
1,264,Cotton,22.75,184,True,0.444,0.308,0.174,3.64
1,265,Cotton,36.02,51,False,0.014,0.016,0.046,7.08
1,266,Groundnut,50.77,182,False,0.0,0.0,0.0,5.74
1,267,Cotton,70.51,744,False,0.0,0.0,0.0,2.15
1,268,Cotton,75.95,175,False,0.0,0.0,0.0,3.27
1,269,Cotton,30.65,216,False,0.0,0.004,0.006,3.64
1,270,Maize,33.4,492,False,0.01,0.022,0.012,3.9
1,271,Groundnut,46.22,141,False,0.0,0.0,0.004,6.75
1,272,Groundnut,36.79,304,False,0.0,0.0,0.004,4.68
1,273,Rice,57.08,366,False,0.0,0.0,0.0,4.45
1,274,Maize,54.79,365,False,0.0,0.0,0.0,3.79
1,275,Cotton,42.86,84,False,0.0,0.0,0.0,6.39
1,276,Bajra,32.56,550,False,0.0,0.004,0.0,3.6
1,277,Groundnut,49.67,136,False,0.0,0.0,0.0,6.89
1,278,Cotton,35.97,137,False,0.0,0.0,0.004,4.76
1,279,Groundnut,50.0,457,False,0.0,0.0,0.0,4.12
1,280,Groundnut,37.68,465,False,0.0,0.002,0.002,3.84
1,281,Groundnut,34.74,216,False,0.002,0.004,0.002,5.71
1,282,Groundnut,33.97,171,False,0.0,0.006,0.004,6.12
1,283,Groundnut,70.4,80,False,0.0,0.0,0.0,8.95
1,284,Groundnut,27.33,116,False,0.204,0.234,0.212,6.94
1,285,Groundnut,39.05,249,False,0.0,0.0,0.006,5.29
1,286,Cotton,22.4,553,True,0.53,0.288,0.142,2.24
1,287,Cotton,84.88,538,False,0.0,0.0,0.0,1.9
1,288,Cotton,43.88,112,False,0.0,0.0,0.004,5.57
1,289,Cotton,49.83,121,False,0.0,0.0,0.0,5.95
1,290,Cotton,86.44,436,False,0.0,0.0,0.0,1.95
1,291,Cotton,42.18,379,False,0.0,0.0,0.0,3.19
1,292,Cotton,85.67,410,False,0.0,0.0,0.0,2.03
1,293,Groundnut,64.6,152,False,0.0,0.0,0.0,6.39
1,294,Cotton,80.62,209,False,0.0,0.0,0.0,2.73
1,295,Groundnut,59.18,508,False,0.0,0.0,0.0,3.9
1,296,Cotton,44.02,256,False,0.0,0.0,0.0,3.85
1,297,Groundnut,62.99,315,False,0.0,0.0,0.0,4.77
1,298,Rice,55.66,141,False,0.0,0.0,0.0,6.72
1,299,Cotton,14.03,263,True,1.0,0.996,0.972,2.57
1,300,Cotton,28.97,267,False,0.028,0.054,0.124,3.61
1,301,Rice,56.77,177,False,0.0,0.0,0.0,6.37
1,302,Bajra,48.27,169,False,0.0,0.0,0.0,6.48
1,303,Cotton,52.4,38,False,0.0,0.002,0.01,9.08
1,304,Cotton,15.37,266,True,1.0,0.972,0.87,2.67
1,305,Rice,23.85,162,True,0.624,0.544,0.516,5.73
1,306,Cotton,51.46,129,False,0.0,0.0,0.0,5.4
1,307,Groundnut,21.04,129,True,0.726,0.672,0.582,5.41
1,308,Groundnut,53.83,154,False,0.0,0.0,0.0,6.7
1,309,Groundnut,57.91,186,False,0.0,0.0,0.0,6.07
1,310,Rice,49.95,198,False,0.0,0.0,0.0,5.77
1,311,Cotton,64.29,101,False,0.0,0.0,0.0,5.84
1,312,Bajra,72.91,255,False,0.0,0.0,0.0,5.6
1,313,Cotton,25.35,209,False,0.156,0.14,0.108,3.49
1,314,Cotton,35.96,445,False,0.0,0.0,0.002,3.12
1,315,Groundnut,26.8,189,False,0.138,0.132,0.118,5.42
1,316,Cotton,58.54,87,False,0.0,0.0,0.0,6.75
1,317,Groundnut,54.82,172,False,0.0,0.0,0.0,6.19
1,318,Maize,54.06,234,False,0.0,0.0,0.0,4.45
1,319,Cotton,27.75,186,False,0.078,0.112,0.122,3.79
1,320,Cotton,85.89,319,False,0.0,0.0,0.0,2.07
1,321,Cotton,48.88,96,False,0.0,0.0,0.0,5.95
1,322,Cotton,13.62,88,True,0.994,0.946,0.83,3.98
1,323,Bajra,45.71,510,False,0.0,0.0,0.0,4.01
1,324,Maize,63.91,579,False,0.0,0.0,0.0,3.49
1,325,Cotton,52.28,269,False,0.0,0.0,0.0,3.67
1,326,Maize,70.11,276,False,0.0,0.0,0.0,4.46
1,327,Groundnut,44.5,401,False,0.0,0.0,0.0,4.24
1,328,Rice,53.23,236,False,0.0,0.0,0.0,5.37
1,329,Bajra,47.14,260,False,0.0,0.0,0.0,5.48
1,330,Groundnut,66.49,749,False,0.0,0.0,0.0,3.19
1,331,Groundnut,62.54,320,False,0.0,0.0,0.0,4.7
1,332,Bajra,71.6,204,False,0.0,0.0,0.0,5.68
1,333,Bajra,66.71,267,False,0.0,0.0,0.0,5.42
1,334,Cotton,27.9,154,False,0.038,0.044,0.04,4.06
1,335,Rice,55.63,281,False,0.0,0.0,0.0,4.83
1,336,Groundnut,8.65,159,True,1.0,1.0,0.994,3.4
1,337,Groundnut,23.99,112,True,0.382,0.312,0.282,7.05
1,338,Groundnut,30.93,261,False,0.01,0.008,0.022,4.92
1,339,Groundnut,14.91,528,True,1.0,0.996,0.97,2.86
1,340,Rice,54.41,262,False,0.0,0.0,0.0,4.94
1,341,Groundnut,39.24,473,False,0.0,0.0,0.0,3.78
1,342,Cotton,33.87,91,False,0.004,0.014,0.026,5.76
1,343,Groundnut,36.46,125,False,0.006,0.01,0.05,6.94
1,344,Cotton,76.36,233,False,0.0,0.0,0.0,3.26
1,345,Bajra,51.47,343,False,0.0,0.0,0.0,4.94
1,346,Bajra,77.03,321,False,0.0,0.0,0.0,4.72
1,347,Groundnut,25.69,396,False,0.276,0.26,0.23,3.96
1,348,Bajra,44.87,155,False,0.0,0.0,0.0,7.17
1,349,Rice,54.12,385,False,0.0,0.0,0.0,4.31
1,350,Groundnut,68.17,134,False,0.0,0.0,0.0,7.18
1,351,Cotton,18.14,461,True,0.996,0.938,0.776,2.28
1,352,Groundnut,24.51,106,True,0.278,0.21,0.136,7.01
1,353,Groundnut,52.75,207,False,0.0,0.0,0.0,5.93
1,354,Bajra,12.2,45,True,0.892,0.764,0.588,8.94
1,355,Groundnut,24.7,186,True,0.254,0.192,0.154,5.81
1,356,Groundnut,53.78,1223,False,0.0,0.0,0.0,2.72
1,357,Groundnut,54.85,610,False,0.0,0.0,0.0,3.56
1,358,Groundnut,56.74,316,False,0.0,0.0,0.0,4.82
1,359,Groundnut,37.02,371,False,0.0,0.0,0.0,4.08
1,360,Cotton,12.5,96,True,1.0,0.994,0.908,3.76
1,361,Groundnut,46.85,351,False,0.0,0.0,0.0,4.87
1,362,Groundnut,40.76,276,False,0.0,0.0,0.0,5.19
1,363,Cotton,38.94,150,False,0.0,0.0,0.004,4.95
1,364,Groundnut,68.46,111,False,0.0,0.0,0.0,7.42
1,365,Bajra,39.92,134,False,0.0,0.01,0.01,7.77
1,366,Groundnut,32.15,180,False,0.012,0.024,0.054,5.89
1,367,Bajra,51.66,47,False,0.006,0.012,0.02,12.32
1,368,Groundnut,37.44,298,False,0.0,0.002,0.002,5.05
1,369,Cotton,28.15,62,False,0.178,0.168,0.226,6.42
1,370,Cotton,21.02,60,True,0.604,0.494,0.426,5.87
1,371,Cotton,37.24,229,False,0.0,0.0,0.0,3.76
1,372,Cotton,14.59,120,True,0.998,0.974,0.814,3.26
1,373,Groundnut,54.95,584,False,0.0,0.0,0.0,3.58
1,374,Groundnut,58.61,974,False,0.0,0.0,0.0,3.04
1,375,Rice,32.7,236,False,0.014,0.046,0.052,5.32
1,376,Cotton,9.68,111,True,1.0,0.998,0.98,2.91
1,377,Rice,21.65,168,True,0.774,0.626,0.536,5.37
1,378,Cotton,64.95,323,False,0.0,0.0,0.0,3.2
1,379,Cotton,33.24,36,False,0.042,0.094,0.114,8.81
1,380,Cotton,59.41,56,False,0.0,0.0,0.0,7.94
1,381,Groundnut,27.82,122,False,0.158,0.154,0.134,6.62
1,382,Cotton,19.15,47,True,0.702,0.63,0.508,6.45
1,383,Cotton,57.74,0,False,0.0,0.0,0.0,1.09
1,384,Cotton,57.74,0,False,0.0,0.0,0.0,1.09
1,385,Cotton,57.74,0,False,0.0,0.0,0.0,1.09
1,386,Rice,10.71,30,True,1.0,0.986,0.978,4.81
1,387,Rice,2.93,16,True,1.0,1.0,0.992,2.55
1,388,Cotton,17.41,8,True,0.74,0.57,0.462,6.61
1,389,Cotton,57.74,0,False,0.0,0.0,0.0,1.09
1,390,Cotton,57.74,0,False,0.0,0.0,0.0,1.09
1,391,Cotton,57.74,0,False,0.0,0.0,0.0,1.09
1,392,Cotton,57.74,0,False,0.0,0.0,0.0,1.09
1,393,Cotton,57.74,0,False,0.0,0.0,0.0,1.09
1,394,Cotton,57.74,0,False,0.0,0.0,0.0,1.09
1,395,Cotton,57.74,0,False,0.0,0.0,0.0,1.09
1,396,Cotton,57.74,0,False,0.0,0.0,0.0,1.09
1,397,Cotton,57.74,0,False,0.0,0.0,0.0,1.09
1,398,Cotton,57.74,0,False,0.0,0.0,0.0,1.09
1,399,Cotton,57.74,0,False,0.0,0.0,0.0,1.09
1,400,Cotton,57.74,0,False,0.0,0.0,0.0,1.09
1,401,Cotton,57.74,0,False,0.0,0.0,0.0,1.09
1,402,Cotton,57.74,0,False,0.0,0.0,0.0,1.09
1,403,Cotton,57.74,0,False,0.0,0.0,0.0,1.09
1,404,Cotton,57.74,0,False,0.0,0.0,0.0,1.09
1,405,Cotton,57.74,0,False,0.0,0.0,0.0,1.09
1,406,Cotton,57.74,0,False,0.0,0.0,0.0,1.09
1,407,Cotton,57.74,0,False,0.0,0.0,0.0,1.09
1,408,Cotton,57.74,0,False,0.0,0.0,0.0,1.09
1,409,Cotton,57.74,0,False,0.0,0.0,0.0,1.09
1,410,Cotton,4.9,21,True,0.998,0.968,0.876,6.36
1,411,Cotton,57.74,0,False,0.0,0.0,0.0,1.09
1,412,Cotton,57.74,0,False,0.0,0.0,0.0,1.09
1,413,Cotton,57.74,0,False,0.0,0.0,0.0,1.09
1,414,Cotton,57.74,0,False,0.0,0.0,0.0,1.09
1,415,Maize,66.19,2,False,0.0,0.0,0.008,7.91
1,416,Cotton,57.74,0,False,0.0,0.0,0.0,1.09
1,417,Cotton,57.74,0,False,0.0,0.0,0.0,1.09
1,418,Rice,59.21,12,False,0.008,0.016,0.05,15.75
1,419,Cotton,42.54,44,False,0.002,0.012,0.052,8.49
1,420,Maize,37.76,24,False,0.08,0.152,0.148,10.94
1,421,Groundnut,24.79,28,True,0.378,0.338,0.394,11.98
1,422,Bajra,63.2,66,False,0.0,0.0,0.0,10.02
1,423,Maize,47.29,22,False,0.016,0.04,0.076,12.48
1,424,Groundnut,51.63,21,False,0.034,0.048,0.084,16.64
1,425,Cotton,54.49,43,False,0.0,0.0,0.004,8.72
1,426,Groundnut,73.82,18,False,0.0,0.006,0.02,16.37
1,427,Groundnut,56.4,43,False,0.0,0.008,0.016,12.64
1,428,Groundnut,54.77,40,False,0.0,0.004,0.006,12.04
1,429,Cotton,63.63,18,False,0.0,0.006,0.02,13.25
1,430,Cotton,50.47,13,False,0.012,0.018,0.076,14.89
1,431,Cotton,31.85,27,False,0.12,0.21,0.204,10.07
1,432,Bajra,68.05,21,False,0.002,0.008,0.016,16.34
1,433,Groundnut,35.84,28,False,0.118,0.19,0.208,14.67
1,434,Cotton,53.04,25,False,0.0,0.006,0.014,11.94
1,435,Bajra,84.55,10,False,0.0,0.012,0.048,18.94
1,436,Cotton,33.02,21,False,0.182,0.146,0.2,11.31
1,437,Cotton,49.48,25,False,0.002,0.01,0.044,11.9
1,438,Cotton,61.47,28,False,0.0,0.0,0.006,10.56
1,439,Maize,70.16,18,False,0.0,0.006,0.006,13.42
1,440,Cotton,30.9,32,False,0.142,0.19,0.19,9.47
1,441,Groundnut,81.75,11,False,0.004,0.004,0.026,17.18
1,442,Groundnut,48.74,30,False,0.008,0.042,0.108,14.98
1,443,Bajra,60.9,67,False,0.0,0.0,0.0,10.1
1,444,Rice,2.43,44,True,1.0,1.0,1.0,1.48
1,445,Rice,24.94,87,False,0.59,0.56,0.518,5.66
1,446,Cotton,4.9,71,True,1.0,1.0,1.0,1.82
1,447,Cotton,38.92,2,False,0.008,0.012,0.026,8.85
1,448,Cotton,57.74,0,False,0.0,0.0,0.0,1.09
1,449,Cotton,57.74,0,False,0.0,0.0,0.0,1.09
1,450,Cotton,57.74,0,False,0.0,0.0,0.0,1.09
1,451,Cotton,57.74,0,False,0.0,0.0,0.0,1.09
1,452,Rice,5.84,13,True,0.998,0.994,0.96,4.87
1,453,Cotton,3.77,21,True,1.0,1.0,0.996,2.58
1,454,Bajra,44.96,80,False,0.0,0.004,0.012,9.76
1,455,Bajra,50.26,21,False,0.038,0.062,0.072,17.12
1,456,Cotton,39.34,25,False,0.044,0.074,0.144,11.22
1,457,Cotton,31.19,16,False,0.214,0.24,0.264,12.85
1,458,Cotton,33.27,19,False,0.104,0.142,0.182,11.9
1,459,Rice,30.49,31,False,0.166,0.17,0.184,12.28
1,460,Groundnut,86.28,10,False,0.002,0.012,0.048,17.74
1,461,Rice,59.01,38,False,0.0,0.0,0.004,9.32
1,462,Maize,60.3,1,False,0.0,0.0,0.0,7.8
1,463,Rice,2.28,16,True,1.0,1.0,0.992,0.79
1,464,Cotton,57.74,0,False,0.0,0.0,0.0,1.09
1,465,Cotton,57.74,0,False,0.0,0.0,0.0,1.09
1,466,Bajra,53.56,66,False,0.0,0.002,0.01,10.13
1,467,Groundnut,49.86,80,False,0.0,0.0,0.008,8.97
1,468,Rice,45.84,15,False,0.05,0.084,0.136,14.87
1,469,Cotton,50.95,63,False,0.0,0.0,0.002,7.14
1,470,Cotton,55.81,35,False,0.0,0.0,0.002,9.55
1,471,Cotton,62.02,42,False,0.0,0.0,0.004,9.09
1,472,Cotton,40.1,45,False,0.004,0.022,0.056,8.55
1,473,Bajra,68.74,23,False,0.0,0.004,0.028,15.26
1,474,Cotton,16.22,16,True,0.784,0.704,0.622,9.71
1,475,Rice,9.43,16,True,0.942,0.888,0.772,9.96
1,476,Groundnut,52.99,13,False,0.052,0.122,0.182,21.08
1,477,Bajra,3.13,12,True,0.982,0.914,0.82,9.32
1,478,Bajra,66.07,12,False,0.038,0.07,0.136,20.4
1,479,Bajra,54.82,26,False,0.012,0.044,0.048,17.09
1,480,Groundnut,58.98,18,False,0.002,0.05,0.07,17.72
1,481,Bajra,52.85,60,False,0.0,0.002,0.01,11.05
1,482,Cotton,59.9,5,False,0.044,0.106,0.164,22.72
1,483,Maize,34.17,4,False,0.374,0.448,0.436,23.77
1,484,Cotton,40.54,45,False,0.004,0.016,0.052,8.75
1,485,Cotton,30.48,63,False,0.06,0.084,0.08,7.0
1,486,Rice,66.87,38,False,0.0,0.0,0.002,9.07
1,487,Bajra,20.72,31,True,0.596,0.484,0.432,12.37
1,488,Groundnut,45.54,16,False,0.074,0.174,0.232,19.16
1,489,Bajra,49.47,14,False,0.076,0.104,0.154,20.34
1,490,Groundnut,55.62,16,False,0.024,0.034,0.072,18.28
1,491,Bajra,66.29,38,False,0.002,0.0,0.006,12.46
1,492,Cotton,46.95,21,False,0.006,0.022,0.062,11.68
1,493,Cotton,62.14,24,False,0.0,0.0,0.006,11.3
1,494,Cotton,36.8,35,False,0.018,0.052,0.05,9.45
1,495,Bajra,27.58,21,False,0.37,0.34,0.294,15.39
1,496,Cotton,38.93,36,False,0.01,0.03,0.062,9.01
1,497,Cotton,53.28,41,False,0.0,0.002,0.0,8.33
1,498,Bajra,79.12,36,False,0.0,0.0,0.0,11.77
1,499,Bajra,36.33,27,False,0.12,0.154,0.134,14.79
1,500,Groundnut,79.22,29,False,0.0,0.0,0.004,12.91
1,501,Cotton,44.51,31,False,0.0,0.016,0.03,10.15
1,502,Cotton,24.37,29,True,0.4,0.33,0.32,8.53
1,503,Bajra,50.0,48,False,0.004,0.026,0.042,12.41
1,504,Cotton,33.65,33,False,0.07,0.09,0.118,9.11
1,505,Bajra,62.69,18,False,0.006,0.026,0.042,18.22
1,506,Bajra,33.98,20,False,0.242,0.252,0.282,16.84
1,507,Bajra,40.92,26,False,0.098,0.124,0.16,15.05
1,508,Bajra,43.62,52,False,0.018,0.038,0.05,11.61
1,509,Bajra,53.66,37,False,0.002,0.016,0.032,13.31
1,510,Cotton,52.75,24,False,0.002,0.006,0.016,11.92
1,511,Maize,47.93,92,False,0.0,0.002,0.006,6.92
1,512,Cotton,28.7,67,False,0.116,0.132,0.152,6.35
1,513,Bajra,30.08,46,False,0.212,0.24,0.21,11.49
1,514,Groundnut,27.11,42,False,0.348,0.334,0.358,11.8
1,515,Cotton,21.65,17,True,0.522,0.462,0.434,10.8
1,516,Bajra,39.4,73,False,0.006,0.012,0.026,9.36
1,517,Cotton,67.64,14,False,0.0,0.008,0.032,16.02
1,518,Bajra,82.63,10,False,0.002,0.032,0.066,20.64
1,519,Cotton,33.77,159,False,0.002,0.0,0.012,4.41
1,520,Cotton,37.54,273,False,0.0,0.0,0.0,3.52
1,521,Cotton,38.06,63,False,0.0,0.004,0.002,6.94
1,522,Cotton,30.94,65,False,0.042,0.088,0.064,6.63
1,523,Cotton,35.56,24,False,0.038,0.06,0.092,10.42
1,524,Groundnut,42.22,254,False,0.0,0.0,0.002,5.05
1,525,Bajra,88.18,67,False,0.0,0.0,0.0,7.16
1,526,Groundnut,51.29,61,False,0.002,0.006,0.012,10.68
1,527,Groundnut,31.62,879,False,0.0,0.0,0.0,2.89
1,528,Groundnut,23.3,316,True,0.494,0.372,0.284,4.11
1,529,Cotton,37.22,147,False,0.0,0.0,0.0,4.5
1,530,Groundnut,6.01,104,True,1.0,1.0,0.998,3.26
1,531,Groundnut,70.4,18,False,0.0,0.008,0.042,16.94
1,532,Maize,56.66,25,False,0.0,0.006,0.046,11.94
1,533,Cotton,64.27,60,False,0.0,0.0,0.0,6.93
1,534,Bajra,45.37,45,False,0.02,0.028,0.042,12.33
1,535,Cotton,29.38,35,False,0.162,0.158,0.178,8.92
1,536,Groundnut,91.3,3,False,0.024,0.056,0.116,24.8
1,537,Groundnut,20.61,5,True,0.516,0.482,0.432,23.75
1,538,Bajra,58.33,4,False,0.168,0.162,0.196,28.54
1,539,Cotton,39.74,6,False,0.172,0.24,0.272,21.01
1,540,Cotton,70.92,15,False,0.0,0.002,0.008,13.2
1,541,Cotton,35.94,15,False,0.104,0.142,0.192,13.43
1,542,Cotton,47.93,17,False,0.0,0.03,0.078,13.15
1,543,Cotton,38.56,19,False,0.048,0.128,0.15,12.39
1,544,Groundnut,64.43,346,False,0.0,0.0,0.0,4.64
1,545,Maize,48.79,408,False,0.0,0.0,0.0,3.74
1,546,Cotton,82.12,402,False,0.0,0.0,0.0,2.56
1,547,Groundnut,48.9,208,False,0.0,0.0,0.0,6.18
1,548,Groundnut,40.17,230,False,0.0,0.0,0.002,5.44
1,549,Cotton,38.79,73,False,0.0,0.002,0.008,6.52
1,550,Rice,38.03,124,False,0.002,0.014,0.01,6.98
1,551,Bajra,70.96,36,False,0.0,0.002,0.002,13.07
1,552,Bajra,38.37,62,False,0.02,0.038,0.032,10.5
1,553,Bajra,67.93,26,False,0.0,0.0,0.014,14.67
1,554,Bajra,50.06,128,False,0.0,0.0,0.0,7.64
1,555,Groundnut,40.75,379,False,0.0,0.0,0.0,4.47
1,556,Cotton,70.16,124,False,0.0,0.0,0.0,4.73
1,557,Cotton,77.19,82,False,0.0,0.0,0.0,5.6
1,558,Bajra,56.13,307,False,0.0,0.0,0.0,5.12
1,559,Maize,68.71,110,False,0.0,0.0,0.0,6.63
1,560,Bajra,52.69,208,False,0.0,0.0,0.0,6.16
1,561,Cotton,50.55,130,False,0.0,0.0,0.0,5.56
1,562,Cotton,70.23,57,False,0.0,0.0,0.0,7.57
1,563,Cotton,37.17,56,False,0.012,0.046,0.074,7.69
1,564,Cotton,33.85,139,False,0.0,0.0,0.008,4.79
1,565,Cotton,43.75,24,False,0.006,0.028,0.044,11.02
1,566,Cotton,36.47,72,False,0.0,0.016,0.03,6.71
1,567,Cotton,20.11,112,True,0.796,0.644,0.558,4.3
1,568,Cotton,52.38,28,False,0.004,0.006,0.03,11.47
1,569,Groundnut,21.21,161,True,0.612,0.482,0.39,5.46
1,570,Cotton,79.38,535,False,0.0,0.0,0.0,2.14
1,571,Groundnut,85.76,201,False,0.0,0.0,0.0,4.3
1,572,Cotton,54.81,185,False,0.0,0.0,0.0,4.41
1,573,Groundnut,67.21,414,False,0.0,0.0,0.0,4.05
1,574,Cotton,46.61,223,False,0.0,0.0,0.0,3.96
1,575,Groundnut,49.37,252,False,0.0,0.0,0.0,5.7
1,576,Groundnut,28.79,35,False,0.336,0.352,0.38,12.43
1,577,Cotton,38.56,28,False,0.02,0.056,0.098,11.25
1,578,Cotton,56.18,80,False,0.0,0.0,0.0,6.71
1,579,Cotton,79.52,133,False,0.0,0.0,0.0,4.55
1,580,Cotton,52.69,26,False,0.0,0.002,0.02,11.33
1,581,Cotton,40.65,91,False,0.0,0.0,0.0,6.33
1,582,Cotton,48.45,87,False,0.0,0.0,0.004,6.81
1,583,Groundnut,34.65,211,False,0.0,0.002,0.012,5.52
1,584,Maize,63.6,265,False,0.0,0.0,0.0,4.58
1,585,Cotton,66.0,88,False,0.0,0.0,0.0,6.61
1,586,Bajra,64.98,27,False,0.0,0.004,0.01,13.73
1,587,Cotton,38.07,36,False,0.018,0.032,0.086,9.86
1,588,Bajra,64.86,39,False,0.0,0.0,0.01,13.0
1,589,Bajra,72.19,2,False,0.158,0.202,0.304,30.47
1,590,Cotton,28.1,29,False,0.212,0.228,0.216,8.84
1,591,Cotton,22.75,36,True,0.526,0.37,0.35,8.12
1,592,Cotton,47.09,214,False,0.0,0.0,0.0,4.05
1,593,Groundnut,85.37,340,False,0.0,0.0,0.0,3.64
1,594,Cotton,75.29,468,False,0.0,0.0,0.0,2.67
1,595,Cotton,73.52,359,False,0.0,0.0,0.0,3.1
1,596,Groundnut,49.13,149,False,0.0,0.0,0.002,6.97
1,597,Cotton,14.48,150,True,0.998,0.998,0.944,3.11
1,598,Cotton,35.6,42,False,0.024,0.034,0.066,7.92
1,599,Cotton,28.53,124,False,0.082,0.112,0.122,4.82
1,600,Cotton,23.18,66,True,0.466,0.382,0.286,6.14
1,601,Bajra,42.5,30,False,0.056,0.074,0.112,14.34
1,602,Cotton,50.0,9,False,0.038,0.122,0.16,19.14
1,603,Cotton,12.9,10,True,0.84,0.756,0.676,11.35
1,604,Cotton,30.75,63,False,0.054,0.072,0.108,6.37
1,605,Cotton,13.57,57,True,0.982,0.924,0.852,4.92
1,606,Bajra,26.47,78,False,0.288,0.2,0.144,8.92
1,607,Groundnut,22.26,37,True,0.55,0.468,0.394,10.99
1,608,Cotton,71.96,44,False,0.0,0.0,0.0,9.09
1,609,Groundnut,30.56,15,False,0.314,0.342,0.372,17.98
1,610,Cotton,30.84,13,False,0.242,0.286,0.306,13.95
1,611,Maize,43.23,4,False,0.2,0.27,0.33,23.91
1,612,Cotton,18.37,24,True,0.71,0.63,0.494,9.15
1,613,Cotton,24.63,95,True,0.3,0.246,0.202,4.86
1,614,Cotton,28.11,84,False,0.118,0.13,0.106,5.46
1,615,Cotton,74.94,306,False,0.0,0.0,0.0,3.31
1,616,Groundnut,27.01,675,False,0.056,0.07,0.036,3.14
1,617,Cotton,41.15,118,False,0.0,0.0,0.0,5.16
1,618,Groundnut,47.45,177,False,0.0,0.0,0.0,6.4
1,619,Cotton,39.86,66,False,0.0,0.004,0.014,6.58
1,620,Bajra,33.11,55,False,0.134,0.156,0.166,10.28
1,621,Cotton,46.47,81,False,0.0,0.0,0.002,6.57
1,622,Groundnut,55.28,112,False,0.0,0.0,0.004,7.84
1,623,Bajra,55.86,111,False,0.0,0.0,0.002,8.02
1,624,Groundnut,51.82,408,False,0.0,0.0,0.0,4.15
1,625,Cotton,46.15,43,False,0.0,0.004,0.022,8.62
1,626,Cotton,42.16,49,False,0.002,0.004,0.026,8.07
1,627,Groundnut,20.54,103,True,0.732,0.596,0.512,6.45
1,628,Cotton,44.12,67,False,0.0,0.002,0.0,7.04
1,629,Maize,46.5,96,False,0.0,0.002,0.0,6.35
1,630,Cotton,40.08,50,False,0.002,0.01,0.03,8.14
1,631,Cotton,33.61,241,False,0.0,0.0,0.004,3.58
1,632,Bajra,57.66,82,False,0.0,0.002,0.0,9.0
1,633,Bajra,42.63,126,False,0.0,0.0,0.002,7.6
1,634,Bajra,36.33,69,False,0.04,0.046,0.036,9.75
1,635,Bajra,91.13,5,False,0.014,0.028,0.102,20.87
1,636,Cotton,31.46,9,False,0.192,0.236,0.224,16.5
1,637,Bajra,39.98,14,False,0.198,0.228,0.236,20.65
1,638,Bajra,28.67,24,False,0.316,0.278,0.288,14.56
1,639,Groundnut,12.47,37,True,0.932,0.896,0.794,7.89
1,640,Bajra,23.25,70,True,0.496,0.36,0.282,8.45
1,641,Groundnut,54.15,85,False,0.0,0.0,0.002,8.76
1,642,Groundnut,67.8,6,False,0.036,0.068,0.134,23.95
1,643,Rice,39.37,48,False,0.032,0.082,0.108,11.62
1,644,Bajra,40.47,39,False,0.044,0.072,0.078,13.07
1,645,Cotton,73.6,265,False,0.0,0.0,0.0,3.62
1,646,Bajra,34.86,35,False,0.15,0.188,0.18,13.65
1,647,Cotton,30.85,30,False,0.158,0.17,0.21,9.85
1,648,Cotton,54.01,22,False,0.0,0.014,0.054,12.5
1,649,Cotton,60.78,33,False,0.0,0.0,0.0,9.79
1,650,Groundnut,48.62,45,False,0.0,0.02,0.02,12.43
1,651,Bajra,29.03,66,False,0.178,0.16,0.114,9.39
1,652,Cotton,34.51,21,False,0.122,0.144,0.198,11.51
1,653,Cotton,28.71,124,False,0.048,0.058,0.068,4.84
1,654,Bajra,67.48,92,False,0.0,0.0,0.0,8.3
1,655,Groundnut,50.66,257,False,0.0,0.0,0.0,5.39
1,656,Bajra,73.87,51,False,0.0,0.0,0.002,10.42
1,657,Bajra,52.96,70,False,0.0,0.0,0.006,9.99
1,658,Bajra,48.69,137,False,0.0,0.0,0.0,7.23
1,659,Cotton,30.86,155,False,0.01,0.014,0.018,4.27
1,660,Maize,27.79,55,False,0.302,0.3,0.266,7.1
1,661,Cotton,68.6,97,False,0.0,0.0,0.0,5.58
1,662,Cotton,78.1,257,False,0.0,0.0,0.0,3.06
1,663,Cotton,30.83,102,False,0.02,0.048,0.034,5.48
1,664,Groundnut,26.19,246,False,0.19,0.15,0.126,4.75
1,665,Cotton,47.6,173,False,0.0,0.0,0.0,4.27
1,666,Cotton,85.11,447,False,0.0,0.0,0.0,2.49
1,667,Cotton,52.28,74,False,0.0,0.0,0.0,7.18
1,668,Groundnut,60.4,23,False,0.002,0.026,0.046,15.79
1,669,Bajra,61.41,27,False,0.004,0.008,0.012,14.73
1,670,Bajra,35.18,72,False,0.018,0.042,0.04,9.24
1,671,Cotton,71.35,21,False,0.0,0.002,0.006,11.81
1,672,Groundnut,14.92,17,True,0.766,0.71,0.604,13.17
1,673,Cotton,15.68,14,True,0.792,0.674,0.566,10.91
1,674,Bajra,81.29,100,False,0.0,0.0,0.0,6.83
1,675,Groundnut,64.91,39,False,0.0,0.0,0.01,12.08
1,676,Groundnut,62.1,13,False,0.02,0.048,0.064,20.1
1,677,Groundnut,37.41,11,False,0.236,0.226,0.3,21.77
1,678,Maize,42.39,144,False,0.0,0.004,0.012,5.94
1,679,Cotton,80.85,33,False,0.0,0.0,0.0,7.78
1,680,Cotton,53.63,74,False,0.0,0.0,0.0,7.16
1,681,Cotton,51.48,64,False,0.0,0.0,0.0,7.49
1,682,Cotton,21.92,41,True,0.628,0.544,0.526,7.22
1,683,Cotton,48.66,54,False,0.0,0.0,0.004,7.5
1,684,Cotton,57.29,26,False,0.0,0.002,0.008,10.65
1,685,Groundnut,23.03,56,True,0.496,0.408,0.37,8.62
1,686,Groundnut,41.81,48,False,0.012,0.054,0.104,11.61
1,687,Cotton,22.04,47,True,0.472,0.396,0.302,6.96
1,688,Groundnut,52.66,356,False,0.0,0.0,0.0,4.51
1,689,Rice,40.48,217,False,0.0,0.0,0.002,5.43
1,690,Rice,36.92,247,False,0.002,0.006,0.0,5.12
1,691,Rice,26.52,572,False,0.312,0.202,0.138,3.68
1,692,Bajra,29.14,41,False,0.248,0.232,0.196,11.49
1,693,Cotton,48.43,38,False,0.0,0.002,0.016,9.15
1,694,Cotton,74.5,466,False,0.0,0.0,0.0,2.57
1,695,Groundnut,82.95,24,False,0.0,0.0,0.002,12.06
1,696,Cotton,52.98,28,False,0.0,0.002,0.024,11.42
1,697,Cotton,48.26,22,False,0.004,0.04,0.08,12.65
1,698,Cotton,40.42,33,False,0.012,0.046,0.078,9.8
1,699,Groundnut,32.68,65,False,0.094,0.158,0.178,9.39
1,700,Bajra,58.98,54,False,0.0,0.0,0.006,11.4
1,701,Bajra,34.67,55,False,0.106,0.068,0.076,10.43
1,702,Groundnut,41.6,75,False,0.006,0.018,0.034,9.06
1,703,Cotton,38.03,95,False,0.0,0.0,0.014,5.87
1,704,Bajra,25.84,642,False,0.09,0.036,0.006,3.67
1,705,Cotton,82.29,55,False,0.0,0.0,0.0,6.36
1,706,Bajra,48.26,60,False,0.002,0.02,0.022,11.62
1,707,Cotton,45.47,472,False,0.0,0.0,0.0,2.7
1,708,Groundnut,40.52,312,False,0.0,0.0,0.0,4.8
1,709,Groundnut,46.28,269,False,0.0,0.0,0.0,4.93
1,710,Cotton,78.29,99,False,0.0,0.0,0.0,5.38
1,711,Cotton,46.38,62,False,0.0,0.002,0.002,7.29
1,712,Cotton,47.09,45,False,0.0,0.002,0.006,8.4
1,713,Cotton,56.98,43,False,0.0,0.0,0.0,9.33
1,714,Rice,52.29,33,False,0.0,0.01,0.042,12.54
1,715,Cotton,81.12,37,False,0.0,0.0,0.0,8.54
1,716,Groundnut,33.47,45,False,0.16,0.224,0.282,11.12
1,717,Cotton,54.97,110,False,0.0,0.0,0.0,5.47
1,718,Bajra,42.45,50,False,0.024,0.056,0.056,11.79
1,719,Cotton,64.53,172,False,0.0,0.0,0.0,4.49
1,720,Maize,63.2,17,False,0.0,0.008,0.04,14.41
1,721,Cotton,61.13,129,False,0.0,0.0,0.0,5.45
1,722,Cotton,76.97,347,False,0.0,0.0,0.0,3.23
1,723,Cotton,70.64,368,False,0.0,0.0,0.0,3.57
1,724,Cotton,26.27,220,False,0.128,0.122,0.15,3.73
1,725,Groundnut,62.93,353,False,0.0,0.0,0.0,4.47
1,726,Cotton,47.34,96,False,0.0,0.0,0.004,6.25
1,727,Groundnut,49.37,402,False,0.0,0.0,0.0,4.27
1,728,Bajra,28.17,289,False,0.07,0.058,0.046,4.84
1,729,Cotton,31.75,339,False,0.0,0.004,0.01,3.15
1,730,Cotton,63.4,483,False,0.0,0.0,0.0,3.16
1,731,Groundnut,76.93,45,False,0.0,0.0,0.0,10.8
1,732,Cotton,64.5,66,False,0.0,0.0,0.0,6.98
1,733,Cotton,75.31,686,False,0.0,0.0,0.0,2.53
1,734,Maize,71.12,29,False,0.0,0.0,0.004,11.05
1,735,Cotton,72.82,33,False,0.0,0.0,0.002,9.74
1,736,Cotton,56.24,25,False,0.0,0.002,0.014,11.71
1,737,Cotton,60.03,37,False,0.0,0.0,0.004,9.51
1,738,Cotton,31.47,124,False,0.006,0.024,0.028,4.96
1,739,Cotton,51.0,357,False,0.0,0.0,0.0,3.21
1,740,Cotton,30.6,52,False,0.068,0.11,0.118,7.15
1,741,Rice,63.05,71,False,0.0,0.0,0.0,7.02
1,742,Cotton,5.58,71,True,1.0,1.0,1.0,1.76
1,743,Groundnut,72.81,64,False,0.0,0.0,0.0,9.91
1,744,Bajra,47.37,221,False,0.0,0.0,0.0,5.66
1,745,Rice,2.28,33,True,1.0,1.0,1.0,1.57
1,746,Rice,2.28,102,True,1.0,1.0,1.0,0.34
1,747,Rice,68.74,47,False,0.0,0.0,0.0,8.16
1,748,Groundnut,78.68,41,False,0.0,0.0,0.0,9.96
1,749,Groundnut,30.65,45,False,0.184,0.186,0.186,11.29
1,750,Groundnut,55.47,40,False,0.0,0.002,0.022,12.14
1,751,Groundnut,73.79,49,False,0.0,0.0,0.004,10.2
1,752,Cotton,52.24,32,False,0.002,0.002,0.018,10.11
1,753,Cotton,63.08,38,False,0.0,0.0,0.002,9.14
1,754,Cotton,69.85,61,False,0.0,0.0,0.0,7.44
1,755,Cotton,40.92,92,False,0.0,0.0,0.008,5.68
1,756,Cotton,59.36,96,False,0.0,0.0,0.0,6.3
1,757,Groundnut,65.28,70,False,0.0,0.0,0.006,9.95
1,758,Cotton,69.16,24,False,0.0,0.0,0.0,11.35
1,759,Groundnut,71.57,53,False,0.0,0.0,0.0,10.42
1,760,Bajra,67.93,25,False,0.0,0.012,0.032,15.73
1,761,Groundnut,75.71,33,False,0.0,0.002,0.006,12.68
1,762,Bajra,47.65,72,False,0.0,0.0,0.008,9.46
1,763,Maize,55.69,98,False,0.0,0.0,0.002,6.54
1,764,Groundnut,43.71,43,False,0.02,0.052,0.064,12.51
1,765,Groundnut,58.41,53,False,0.002,0.004,0.012,11.65
1,766,Cotton,48.6,50,False,0.0,0.002,0.006,8.11
1,767,Groundnut,20.89,75,True,0.676,0.576,0.518,7.55
1,768,Bajra,57.28,59,False,0.0,0.0,0.008,10.98
1,769,Cotton,30.7,36,False,0.128,0.138,0.17,8.93
1,770,Cotton,32.38,52,False,0.042,0.086,0.1,7.44
1,771,Cotton,16.28,38,True,0.896,0.752,0.614,6.16
1,772,Cotton,28.6,34,False,0.232,0.244,0.222,8.98
1,773,Cotton,25.99,30,False,0.302,0.286,0.27,9.27
1,774,Maize,29.53,30,False,0.246,0.286,0.332,9.86
1,775,Groundnut,47.33,25,False,0.014,0.068,0.102,16.12
1,776,Bajra,24.83,56,True,0.334,0.294,0.228,9.64
1,777,Bajra,36.61,56,False,0.08,0.092,0.088,10.4
1,778,Bajra,51.47,90,False,0.0,0.002,0.004,9.21
1,779,Bajra,18.93,96,True,0.762,0.602,0.388,6.94
1,780,Bajra,39.71,69,False,0.02,0.024,0.048,9.86
1,781,Groundnut,11.89,108,True,0.998,0.942,0.802,5.02
1,782,Groundnut,42.99,125,False,0.004,0.0,0.01,7.07
1,783,Cotton,46.32,47,False,0.0,0.0,0.008,8.22
1,784,Maize,31.87,196,False,0.058,0.086,0.074,4.85
1,785,Groundnut,30.55,220,False,0.03,0.05,0.054,5.27
1,786,Groundnut,26.82,201,False,0.162,0.15,0.158,5.0
1,787,Bajra,44.36,74,False,0.0,0.014,0.016,10.07
1,788,Bajra,35.57,27,False,0.124,0.154,0.15,14.77
1,789,Cotton,25.86,25,False,0.32,0.34,0.306,9.33
1,790,Groundnut,36.61,43,False,0.066,0.11,0.138,11.78
1,791,Groundnut,93.28,18,False,0.0,0.0,0.002,10.19
1,792,Bajra,65.07,18,False,0.008,0.022,0.068,18.04
1,793,Bajra,40.78,85,False,0.006,0.022,0.034,9.2
1,794,Bajra,48.02,18,False,0.062,0.102,0.112,18.02
1,795,Maize,60.0,58,False,0.0,0.0,0.002,8.41
1,796,Cotton,51.13,21,False,0.002,0.006,0.032,11.63
1,797,Cotton,54.91,21,False,0.004,0.002,0.042,12.31
1,798,Cotton,65.1,21,False,0.0,0.002,0.006,12.29
1,799,Cotton,12.1,21,True,0.938,0.84,0.73,7.81
1,800,Maize,43.85,28,False,0.016,0.052,0.086,11.09
1,801,Groundnut,45.98,19,False,0.064,0.136,0.182,18.24
1,802,Maize,63.12,13,False,0.002,0.006,0.04,14.5
1,803,Bajra,64.77,29,False,0.004,0.002,0.028,14.33
1,804,Bajra,76.78,6,False,0.046,0.088,0.102,25.39
1,805,Bajra,76.9,9,False,0.02,0.042,0.058,21.61
1,806,Bajra,82.34,4,False,0.05,0.088,0.15,26.64
1,807,Groundnut,85.95,10,False,0.0,0.006,0.028,15.73
1,808,Groundnut,79.47,28,False,0.0,0.0,0.004,11.43
1,809,Maize,26.12,20,False,0.484,0.422,0.412,11.1
1,810,Cotton,46.73,25,False,0.008,0.024,0.024,11.55
1,811,Bajra,57.38,78,False,0.0,0.0,0.002,9.55
1,812,Cotton,55.24,56,False,0.0,0.0,0.0,8.01
1,813,Cotton,54.76,56,False,0.0,0.0,0.0,8.4
1,814,Cotton,83.15,21,False,0.0,0.0,0.0,10.1
1,815,Bajra,85.27,15,False,0.002,0.006,0.018,15.58
1,816,Bajra,46.0,23,False,0.05,0.092,0.094,16.93
1,817,Cotton,19.96,18,True,0.664,0.58,0.522,10.23
1,818,Groundnut,31.42,20,False,0.286,0.302,0.346,16.11
1,819,Bajra,64.12,30,False,0.0,0.012,0.022,14.53
1,820,Groundnut,50.35,20,False,0.032,0.07,0.138,16.44
1,821,Bajra,57.29,20,False,0.02,0.046,0.1,17.31
1,822,Bajra,26.1,15,False,0.318,0.306,0.242,18.07
1,823,Groundnut,86.92,6,False,0.012,0.024,0.054,21.37
1,824,Cotton,57.74,0,False,0.0,0.0,0.0,1.09
1,825,Cotton,57.74,0,False,0.0,0.0,0.0,1.09
1,826,Cotton,57.74,0,False,0.0,0.0,0.0,1.09
1,827,Cotton,57.74,0,False,0.0,0.0,0.0,1.09
1,828,Cotton,57.74,0,False,0.0,0.0,0.0,1.09
1,829,Groundnut,64.16,25,False,0.004,0.014,0.026,15.27
1,830,Cotton,43.57,62,False,0.0,0.0,0.008,7.07
1,831,Bajra,72.24,35,False,0.0,0.0,0.006,12.18
1,832,Cotton,26.32,42,False,0.242,0.274,0.272,7.57
1,833,Cotton,33.58,43,False,0.058,0.068,0.082,8.05
1,834,Cotton,39.52,58,False,0.002,0.01,0.024,7.78
1,835,Maize,33.62,51,False,0.102,0.108,0.114,8.02
1,836,Groundnut,48.18,58,False,0.004,0.018,0.048,11.15
1,837,Bajra,80.73,13,False,0.004,0.012,0.038,17.66
1,838,Bajra,36.49,40,False,0.114,0.158,0.166,12.37
1,839,Cotton,45.52,65,False,0.0,0.002,0.01,7.42
1,840,Cotton,37.55,105,False,0.0,0.004,0.01,5.09
1,841,Cotton,62.56,28,False,0.0,0.0,0.004,10.4
1,842,Cotton,47.71,19,False,0.008,0.032,0.07,13.2
1,843,Bajra,68.31,18,False,0.004,0.012,0.048,17.04
1,844,Groundnut,40.72,397,False,0.0,0.0,0.0,4.44
1,845,Cotton,61.29,308,False,0.0,0.0,0.0,3.37
1,846,Bajra,32.04,359,False,0.002,0.004,0.002,4.76
1,847,Cotton,29.34,121,False,0.044,0.074,0.058,4.97
1,848,Rice,50.05,509,False,0.0,0.0,0.0,3.8
1,849,Groundnut,61.18,681,False,0.0,0.0,0.0,3.47
1,850,Cotton,62.55,53,False,0.0,0.0,0.0,7.83
1,851,Bajra,53.78,38,False,0.01,0.018,0.018,13.0
1,852,Rice,24.83,48,True,0.428,0.384,0.312,9.48
1,853,Rice,47.48,41,False,0.002,0.028,0.042,12.18
1,854,Groundnut,50.31,33,False,0.008,0.03,0.038,13.99
1,855,Bajra,57.35,11,False,0.048,0.088,0.146,21.77
1,856,Bajra,49.17,16,False,0.086,0.122,0.178,20.11
1,857,Cotton,37.47,28,False,0.034,0.082,0.094,10.47
1,858,Bajra,37.26,29,False,0.126,0.158,0.132,14.77
1,859,Bajra,51.89,95,False,0.0,0.002,0.002,8.33
1,860,Bajra,42.44,38,False,0.03,0.038,0.06,13.3
1,861,Cotton,62.7,74,False,0.0,0.0,0.0,6.43
1,862,Cotton,78.47,3,False,0.026,0.054,0.118,22.12
1,863,Cotton,67.25,2,False,0.05,0.114,0.14,27.18
1,864,Bajra,24.92,48,True,0.352,0.212,0.16,10.42
1,865,Bajra,62.1,41,False,0.0,0.0,0.004,13.01
1,866,Cotton,59.34,40,False,0.0,0.0,0.008,10.0
1,867,Cotton,51.38,81,False,0.0,0.0,0.0,6.43
1,868,Bajra,79.58,43,False,0.0,0.0,0.0,9.68
1,869,Bajra,61.24,52,False,0.0,0.0,0.006,11.4
1,870,Cotton,62.75,80,False,0.0,0.0,0.0,6.64
1,871,Maize,49.03,15,False,0.016,0.062,0.112,15.06
1,872,Groundnut,72.05,16,False,0.0,0.016,0.054,18.19
1,873,Cotton,50.78,11,False,0.024,0.06,0.096,17.26
1,874,Maize,46.19,506,False,0.0,0.0,0.0,3.46
1,875,Cotton,58.44,28,False,0.0,0.002,0.014,10.51
1,876,Groundnut,73.21,32,False,0.0,0.0,0.006,11.85
1,877,Groundnut,37.1,34,False,0.042,0.096,0.096,12.9
1,878,Cotton,46.85,90,False,0.0,0.0,0.0,6.46
1,879,Bajra,43.29,55,False,0.012,0.016,0.016,10.93
1,880,Bajra,45.48,43,False,0.016,0.02,0.03,12.1
1,881,Groundnut,66.13,44,False,0.0,0.0,0.006,11.37
1,882,Groundnut,47.41,54,False,0.006,0.03,0.068,11.4
1,883,Groundnut,56.16,83,False,0.0,0.0,0.0,9.17
1,884,Cotton,24.42,49,True,0.37,0.338,0.29,7.26
1,885,Groundnut,54.23,19,False,0.008,0.032,0.076,16.45
1,886,Groundnut,46.47,25,False,0.01,0.042,0.072,14.43
1,887,Bajra,63.47,19,False,0.014,0.04,0.044,18.26
1,888,Bajra,64.72,86,False,0.0,0.0,0.0,8.52
1,889,Groundnut,40.4,15,False,0.132,0.164,0.216,19.05
1,890,Bajra,36.52,67,False,0.056,0.048,0.05,9.32
1,891,Bajra,27.7,85,False,0.28,0.216,0.192,8.25
1,892,Groundnut,48.56,23,False,0.008,0.06,0.062,16.83
1,893,Cotton,59.32,25,False,0.0,0.002,0.024,12.13
1,894,Bajra,9.74,12,True,0.856,0.73,0.628,14.55
1,895,Cotton,44.79,8,False,0.084,0.164,0.21,18.99
1,896,Bajra,61.38,65,False,0.0,0.0,0.002,10.56
1,897,Cotton,43.55,48,False,0.0,0.004,0.006,7.98
1,898,Cotton,46.56,24,False,0.002,0.026,0.052,12.12
1,899,Cotton,46.66,22,False,0.01,0.024,0.044,11.81
1,900,Maize,37.72,29,False,0.088,0.12,0.172,10.54
1,901,Cotton,30.03,11,False,0.282,0.374,0.414,15.59
1,902,Cotton,40.32,19,False,0.026,0.094,0.118,12.6
1,903,Groundnut,66.98,18,False,0.002,0.01,0.026,16.65
1,904,Rice,32.39,9,False,0.316,0.362,0.318,21.76
1,905,Cotton,46.72,31,False,0.006,0.01,0.036,11.05
1,906,Cotton,50.5,26,False,0.0,0.006,0.042,11.13
1,907,Bajra,40.09,65,False,0.02,0.052,0.09,10.37
1,908,Cotton,62.49,68,False,0.0,0.0,0.0,7.11
1,909,Cotton,48.23,90,False,0.0,0.0,0.0,6.57
1,910,Cotton,46.35,19,False,0.01,0.042,0.06,13.05
1,911,Cotton,46.82,25,False,0.0,0.012,0.036,10.71
1,912,Cotton,69.4,12,False,0.004,0.0,0.018,14.3
1,913,Bajra,31.58,98,False,0.086,0.114,0.084,8.34
1,914,Groundnut,27.36,378,False,0.086,0.09,0.076,3.98
1,915,Bajra,54.31,21,False,0.018,0.042,0.072,16.74
1,916,Cotton,36.93,51,False,0.008,0.022,0.04,7.7
1,917,Groundnut,73.12,89,False,0.0,0.0,0.0,8.33
1,918,Groundnut,50.39,33,False,0.01,0.028,0.078,13.77
1,919,Cotton,57.74,0,False,0.0,0.0,0.0,1.09
1,920,Cotton,57.74,0,False,0.0,0.0,0.0,1.09
1,921,Bajra,44.32,34,False,0.042,0.084,0.096,14.36
1,922,Cotton,74.02,4,False,0.014,0.034,0.092,20.78
1,923,Bajra,94.22,6,False,0.002,0.016,0.07,19.48
1,924,Maize,79.7,6,False,0.0,0.016,0.046,18.73
1,925,Maize,50.0,18,False,0.012,0.056,0.104,14.58
1,926,Cotton,77.89,46,False,0.0,0.0,0.0,7.42
1,927,Groundnut,62.44,54,False,0.0,0.0,0.012,10.89
1,928,Bajra,52.09,58,False,0.002,0.004,0.01,10.92
1,929,Cotton,59.91,20,False,0.0,0.002,0.026,12.31
1,930,Groundnut,37.88,36,False,0.062,0.116,0.15,13.0
1,931,Rice,71.95,64,False,0.0,0.0,0.0,6.76
1,932,Cotton,44.63,42,False,0.0,0.006,0.008,8.76
1,933,Cotton,52.72,12,False,0.012,0.046,0.114,15.5
1,934,Cotton,57.73,36,False,0.0,0.0,0.004,8.96
1,935,Rice,43.91,31,False,0.038,0.062,0.11,13.54
1,936,Maize,45.33,29,False,0.012,0.054,0.072,11.6
1,937,Cotton,45.83,96,False,0.0,0.0,0.0,6.02
1,938,Bajra,32.17,24,False,0.242,0.268,0.274,15.31
1,939,Cotton,63.5,40,False,0.0,0.0,0.0,9.0
1,940,Groundnut,39.88,53,False,0.02,0.052,0.076,10.75
1,941,Cotton,69.13,24,False,0.0,0.0,0.002,11.34
1,942,Groundnut,22.18,10,True,0.532,0.492,0.42,18.8
1,943,Groundnut,45.82,38,False,0.024,0.05,0.096,12.99
1,944,Cotton,58.71,30,False,0.0,0.002,0.004,11.04
1,945,Cotton,33.69,55,False,0.026,0.03,0.046,7.13
1,946,Cotton,26.92,45,False,0.188,0.21,0.188,7.9
1,947,Groundnut,54.38,96,False,0.0,0.0,0.002,8.7
1,948,Bajra,50.1,61,False,0.0,0.002,0.01,10.16
1,949,Cotton,56.0,63,False,0.0,0.0,0.0,7.94
1,950,Groundnut,54.22,26,False,0.006,0.032,0.068,15.52
1,951,Bajra,67.55,13,False,0.016,0.046,0.074,20.43
1,952,Bajra,38.19,29,False,0.102,0.1,0.11,14.57
1,953,Bajra,66.91,24,False,0.0,0.006,0.036,15.53
1,954,Groundnut,59.05,22,False,0.006,0.022,0.068,16.49
1,955,Groundnut,51.08,36,False,0.01,0.036,0.05,13.62
1,956,Groundnut,31.2,60,False,0.122,0.146,0.174,9.98
1,957,Cotton,65.58,30,False,0.0,0.0,0.0,9.79
1,958,Bajra,48.1,57,False,0.002,0.018,0.016,10.68
1,959,Cotton,43.51,36,False,0.008,0.01,0.038,9.07
1,960,Groundnut,2.28,18,True,1.0,1.0,1.0,0.12
1,961,Cotton,57.74,0,False,0.0,0.0,0.0,1.09
1,962,Cotton,57.74,0,False,0.0,0.0,0.0,1.09
1,963,Cotton,57.74,0,False,0.0,0.0,0.0,1.09
1,964,Cotton,57.74,0,False,0.0,0.0,0.0,1.09
1,965,Cotton,57.74,0,False,0.0,0.0,0.0,1.09
1,966,Rice,7.19,93,True,1.0,1.0,1.0,2.61
