village_id,farm_id,crop_type,health_index,hi_resid,landscape,farm_specific,actionable_rank
1,1,Rice,39.63,-0.301429205289736,-0.1879,-0.209,0.3837
1,2,Rice,45.61,-0.0032583807149995044,-0.208,0.1147,0.4767
1,3,Rice,52.08,0.3193445013917807,-0.2047,0.42,0.6279
1,4,Maize,71.84,1.328078631290479,-0.3699,1.5768,1.0
1,5,Groundnut,27.09,-1.2000400190521843,-0.0192,-1.29,0.0814
1,6,Cotton,44.6,-0.23573994470488532,-0.1858,-0.1769,0.4352
1,7,Bajra,43.64,-0.39539735799110354,-0.1129,-0.4086,0.3423
1,8,Groundnut,53.14,0.19014482238124086,-0.2686,0.3104,0.6063
1,9,Cotton,48.01,-0.059803865815607406,-0.2719,0.0282,0.5165
1,10,Cotton,45.55,-0.1867254945744415,-0.534,0.1676,0.611
1,11,Cotton,32.56,-0.8569336074107234,-0.2793,-0.7833,0.2352
1,12,Cotton,48.29,-0.045357501566634366,-0.5123,0.2937,0.6769
1,13,Rice,68.55,1.1405608025198597,0.2929,0.8505,0.814
1,14,Cotton,53.92,0.24511760815378678,0.4006,-0.0864,0.4725
1,15,Cotton,34.13,-0.7759307793004107,0.1316,-0.8851,0.2
1,16,Groundnut,30.97,-0.9929798584087413,-0.0661,-0.932,0.181
1,17,Cotton,63.94,0.7620910716348911,-1.0939,1.8907,0.9692
1,18,Cotton,16.72,-1.6741850706383379,0.4245,-2.0745,0.011
1,19,Bajra,56.23,0.30995064960612223,-0.4253,0.7302,0.7383
1,20,Rice,63.65,0.8962402271994234,-0.0369,0.7366,0.7674
1,21,Rice,73.76,1.4003383938299567,-0.1887,1.3823,0.9651
1,22,Cotton,14.09,-1.8098777062626197,-0.098,-1.9319,0.0176
1,23,Bajra,4.1,-2.610604682883424,-0.2331,-2.7111,0.0067
1,24,Rice,39.93,-0.2864708027190972,-0.2679,-0.2409,0.3488
1,25,Cotton,56.66,0.38648560116159353,0.3435,-0.2191,0.4154
1,26,Rice,79.63,1.6930244707954587,0.0681,1.3731,0.9535
1,27,Rice,67.37,1.0817244190753468,0.3116,0.4932,0.7093
1,28,Cotton,48.54,-0.03245896205862278,0.4153,-0.7147,0.2484
1,29,Rice,64.18,0.9226667384075526,0.2843,0.3663,0.5814
1,30,Cotton,81.96,1.6918177993723662,0.4389,1.0312,0.8505
1,31,Maize,69.01,1.1454339366383237,0.432,0.3986,0.7091
1,32,Rice,47.1,0.07103501871917411,0.3329,-0.5525,0.2674
1,33,Cotton,49.36,0.009848247527655252,0.5686,-0.8088,0.2264
1,34,Rice,81.78,1.8002263558850382,0.3952,1.1468,0.9186
1,35,Rice,66.23,1.0248824893069188,-0.0826,0.8813,0.8488
1,36,Maize,33.74,-1.1308481765706955,0.0923,-1.4727,0.0545
1,37,Rice,68.91,1.1585108856046265,-0.3335,1.2608,0.9302
1,38,Rice,61.14,0.7710882590250775,-0.3781,0.9101,0.8605
1,39,Cotton,23.15,-1.34243463449228,-0.2888,-1.2842,0.1099
1,40,Cotton,50.1,0.04802792447136966,0.2065,-0.4181,0.3736
1,41,Cotton,81.32,1.6587975382318565,0.2804,1.1864,0.8681
1,42,Cotton,90.4,2.127272493162838,0.2786,1.5961,0.9363
1,43,Cotton,40.25,-0.46017453214428705,0.3788,-1.0894,0.156
1,44,Cotton,50.42,0.0645380550416245,0.2519,-0.4485,0.3495
1,45,Cotton,53.14,0.20487416488879054,0.3312,-0.3832,0.3868
1,46,Cotton,53.16,0.20590604804943127,0.0637,-0.1921,0.4264
1,47,Cotton,62.64,0.6950186661932309,0.3653,0.0742,0.5341
1,48,Cotton,33.73,-0.7965684425132294,0.5539,-1.62,0.0571
1,49,Rice,68.41,1.1335802146535616,0.5159,0.3558,0.5698
1,50,Cotton,78.33,1.5045310057160382,0.3231,0.9091,0.8308
1,51,Cotton,67.03,0.9215170199539146,0.4572,0.2193,0.6385
1,52,Cotton,36.57,-0.6500410337022177,0.3377,-1.3079,0.1011
1,53,Cotton,61.45,0.6336216181350959,0.5344,-0.1983,0.422
1,54,Maize,68.47,1.110583005503283,0.7702,0.0416,0.5636
1,55,Maize,87.35,2.3290748200024685,0.6711,1.2922,0.9636
1,56,Rice,57.85,0.6070444441670703,0.7358,-0.4196,0.3023
1,57,Maize,48.49,-0.1789014464932066,0.244,-0.7119,0.2909
1,58,Cotton,69.04,1.025221277598328,0.307,0.6508,0.7758
1,59,Cotton,50.36,0.06144240555970161,0.3652,-0.4162,0.3758
1,60,Groundnut,55.98,0.34170432140891543,-0.3962,0.5218,0.7104
1,61,Cotton,26.93,-1.1474087171311447,-0.203,-1.1391,0.1385
1,62,Cotton,32.72,-0.8486785421255962,0.0682,-1.1655,0.1341
1,63,Rice,66.0,1.0134143806694287,-0.2297,1.0406,0.8953
1,64,Cotton,31.75,-0.8987248754166811,0.0118,-1.1215,0.1429
1,65,Rice,65.67,0.996960137841726,-0.0323,0.8502,0.8023
1,66,Rice,62.46,0.836905230335889,-0.0045,0.6471,0.7326
1,67,Cotton,77.35,1.4539687308446325,-0.0458,1.3629,0.8901
1,68,Cotton,33.79,-0.7934727930313066,0.1041,-1.0889,0.1582
1,69,Cotton,83.58,1.7754003353842815,-0.1459,1.7723,0.956
1,70,Cotton,46.93,-0.11552555649021738,-0.0174,-0.2524,0.4088
1,71,Groundnut,77.94,1.513622137834175,-0.1361,1.4839,0.9367
1,72,Maize,50.77,-0.03175307058970318,-0.1333,-0.0569,0.5455
1,73,Maize,23.49,-1.7923704805228489,-0.0381,-1.9018,0.0364
1,74,Cotton,76.68,1.4194006449631622,-0.3054,1.694,0.9495
1,75,Cotton,24.69,-1.2629796311229284,-0.0562,-1.2938,0.1077
1,76,Cotton,24.92,-1.2511129747755576,-0.043,-1.2977,0.1055
1,77,Cotton,18.8,-1.5668692219316815,-0.0287,-1.6491,0.0484
1,78,Rice,57.95,0.6120305783572834,-0.1815,0.6991,0.7442
1,79,Rice,51.8,0.3053833256591843,-0.2592,0.4808,0.6977
1,80,Rice,48.29,0.13037001558270855,-0.1001,0.1428,0.5
1,81,Maize,67.66,1.0583066088007225,-0.1036,1.0636,0.8727
1,82,Maize,36.76,-0.9359411172599149,-0.0328,-1.0251,0.1818
1,83,Cotton,18.66,-1.574092404056168,0.0517,-1.733,0.0396
1,84,Cotton,59.27,0.5211463536252349,0.3592,-0.1115,0.4615
1,85,Cotton,84.85,1.8409249160849803,0.3635,1.2829,0.8835
1,86,Cotton,85.62,1.8806524177696564,0.2653,1.4198,0.9077
1,87,Cotton,51.26,0.10787714778854327,0.6151,-0.7792,0.2374
1,88,Rice,55.66,0.4978481054014056,0.2127,0.0605,0.4419
1,89,Rice,49.21,0.17624245013266812,0.1755,-0.2254,0.3605
1,90,Cotton,45.55,-0.1867254945744415,0.1814,-0.633,0.2725
1,91,Cotton,44.51,-0.24038341892776965,0.0537,-0.5216,0.3176
1,92,Cotton,41.78,-0.38123547035525607,0.1064,-0.7181,0.2462
1,93,Cotton,44.29,-0.2517341336948198,0.5279,-1.1109,0.1451
1,94,Cotton,46.97,-0.11346179016893558,0.5282,-0.9442,0.189
1,95,Cotton,71.32,1.142855957911393,0.2393,0.6134,0.7604
1,96,Cotton,63.2,0.723911394691177,0.3866,-0.0163,0.5033
1,97,Cotton,37.92,-0.580388920358955,0.5218,-1.4225,0.0791
1,98,Cotton,71.95,1.1753602774715828,0.3221,0.5411,0.7495
1,99,Cotton,68.28,0.9860097174939725,0.3933,0.3293,0.6879
1,100,Maize,59.05,0.5026278734809139,0.4143,-0.2134,0.4727
1,101,Cotton,53.56,0.22654371126225012,0.4136,-0.5023,0.3253
1,102,Cotton,50.46,0.06660182136290632,0.5795,-0.8141,0.2242
1,103,Cotton,97.67,2.502362022055815,0.3899,1.78,0.9582
1,104,Groundnut,67.24,0.942605715441175,0.5663,0.0653,0.5068
1,105,Cotton,92.78,2.250066589279108,0.5767,1.4612,0.9143
1,106,Cotton,87.04,1.9539161221751624,0.4926,1.2468,0.8813
1,107,Cotton,26.76,-1.1561797239965923,0.0994,-1.4885,0.0725
1,108,Cotton,85.58,1.8785886514483743,-0.2428,1.9782,0.9868
1,109,Cotton,18.68,-1.573060520895527,0.1375,-1.9003,0.022
1,110,Cotton,81.36,1.6608613045531389,-0.2263,1.7381,0.9538
1,111,Groundnut,49.19,-0.020650959717109722,-0.0596,-0.1989,0.4027
1,112,Maize,61.59,0.6665563273383259,0.2284,0.199,0.6364
1,113,Rice,45.04,-0.03167934559921355,-0.0377,-0.1994,0.3953
1,114,Groundnut,14.56,-1.8687162594806224,0.2441,-2.2403,0.0136
1,115,Cotton,42.21,-0.3590499824014761,0.0459,-0.5566,0.2945
1,116,Groundnut,50.43,0.045522906055537105,0.0779,-0.1574,0.4163
1,117,Cotton,74.18,1.2904152498830463,0.0805,1.1507,0.8659
1,118,Rice,57.62,0.5955763355295802,0.0738,0.4209,0.6512
1,119,Cotton,78.38,1.5071107136176405,0.2658,1.2027,0.8725
1,120,Cotton,75.67,1.367290545350795,0.216,1.0494,0.8549
1,121,Cotton,76.25,1.3972151570093818,0.1421,1.2186,0.8747
1,122,Groundnut,66.78,0.9180573458803548,0.1848,0.6222,0.7421
1,123,Cotton,43.38,-0.2986848175039818,-0.002,-0.375,0.3912
1,124,Groundnut,20.97,-1.5266400662526665,0.0444,-1.6813,0.0407
1,125,Groundnut,55.44,0.3128866701853435,-0.117,0.3311,0.6109
1,126,Groundnut,28.14,-1.144005697228572,0.0312,-1.2966,0.0769
1,127,Groundnut,61.38,0.6298808336446353,-0.236,0.7338,0.7873
1,128,Groundnut,85.07,1.8941218660268935,0.1996,1.5327,0.9412
1,129,Groundnut,69.59,1.068015864284498,0.3393,0.5201,0.7059
1,130,Cotton,45.03,-0.2135544567511054,0.2299,-0.5991,0.2879
1,131,Groundnut,68.54,1.011981542460886,-0.0257,0.8691,0.81
1,132,Bajra,55.98,0.29594453349021227,0.1486,-0.0032,0.5168
1,133,Groundnut,71.16,1.1518005169159937,-0.0355,1.0156,0.8507
1,134,Groundnut,38.88,-0.5708546340041963,0.1441,-0.8764,0.1991
1,135,Cotton,15.84,-1.7195879297065386,0.2161,-2.093,0.0066
1,136,Cotton,60.99,0.6098883054403546,0.4623,-0.1197,0.4571
1,137,Cotton,92.1,2.2149825618173162,0.4404,1.4969,0.9253
1,138,Cotton,95.16,2.3728606853953784,0.2964,1.8014,0.9626
1,139,Groundnut,49.88,0.016171594624121374,0.5165,-0.788,0.2308
1,140,Cotton,30.53,-0.9616697482157777,0.5656,-1.8169,0.033
1,141,Maize,57.86,0.42582674746110305,0.385,-0.2737,0.4545
1,142,Groundnut,73.9,1.2980234138652298,0.2355,0.7662,0.7964
1,143,Cotton,44.33,-0.24967036737353798,0.0322,-0.54,0.3077
1,144,Groundnut,76.78,1.45171755372428,0.2888,0.8618,0.8054
1,145,Groundnut,76.2,1.4207652616693325,0.1632,0.9918,0.8462
1,146,Cotton,29.91,-0.9936581261956464,0.2668,-1.5013,0.0681
1,147,Cotton,77.97,1.4859571088245016,-0.1231,1.3645,0.8923
1,148,Cotton,37.32,-0.6113454151781829,0.0665,-0.9067,0.1956
1,149,Maize,38.6,-0.8171897963553331,-0.0171,-0.8924,0.2364
1,150,Cotton,30.87,-0.9441277344848819,0.3245,-1.5065,0.0659
1,151,Cotton,79.81,1.5808903596034671,0.2363,1.0852,0.8571
1,152,Groundnut,56.4,0.36411805013836035,0.2817,-0.1804,0.4072
1,153,Cotton,52.02,0.14708870789289877,0.3844,-0.5065,0.3231
1,154,Cotton,94.26,2.3264259431665373,-0.2602,2.3761,1.0
1,155,Bajra,43.26,-0.41668665448728687,0.1974,-0.8564,0.1812
1,156,Groundnut,72.02,1.1976952947905712,-0.0853,1.0456,0.8552
1,157,Groundnut,54.8,0.2787324168833323,0.1219,-0.1409,0.4208
1,158,Maize,33.23,-1.1637629448649005,-0.0627,-1.3233,0.1091
1,159,Cotton,41.27,-0.4075484909515996,-0.3164,-0.2941,0.4044
1,160,Cotton,9.78,-2.0322485273807396,-0.1625,-2.0707,0.0132
1,161,Cotton,27.45,-1.1205797549544805,-0.2954,-1.0341,0.1692
1,162,Cotton,49.07,-0.005114058301638149,-0.2399,0.0398,0.5253
1,163,Cotton,86.85,1.944113232149073,-0.261,2.0735,0.9934
1,164,Cotton,25.91,-1.2000347583238318,0.2487,-1.643,0.0505
1,165,Groundnut,58.48,0.4751193733698967,0.0031,0.2371,0.5747
1,166,Groundnut,59.19,0.5130092481268155,-0.0275,0.3017,0.5973
1,167,Groundnut,38.79,-0.5756575758747918,0.4978,-1.1642,0.1176
1,168,Groundnut,56.69,0.3795941961658341,0.3049,-0.0038,0.4706
1,169,Maize,75.17,1.5429927066232274,0.0704,1.4555,0.9818
1,170,Groundnut,31.94,-0.9412148182478804,0.1186,-1.1356,0.1312
1,171,Cotton,26.49,-1.170110146665245,-0.1584,-1.073,0.1648
1,172,Groundnut,92.92,2.313045129184375,-0.3261,2.5799,1.0
1,173,Cotton,71.2,1.136664658947548,-0.3026,1.4747,0.9187
1,174,Cotton,38.39,-0.5561396660838932,-0.5976,0.0372,0.5231
1,175,Cotton,48.08,-0.05619227475336415,-0.5932,0.4804,0.7407
1,176,Cotton,15.77,-1.7231995207687822,-0.4201,-1.317,0.0923
1,177,Cotton,29.89,-0.9946900093562873,-0.4862,-0.5398,0.3099
1,178,Cotton,46.05,-0.1609284155584183,-0.7211,0.5599,0.756
1,179,Cotton,19.8,-1.515275063899635,-0.4227,-1.107,0.1495
1,180,Bajra,40.78,-0.5556273263571135,-0.4339,-0.115,0.4698
1,181,Rice,40.16,-0.2750026940816075,-0.474,0.1917,0.5233
1,182,Rice,29.18,-0.8224802281669934,-0.4368,-0.386,0.3256
1,183,Rice,35.92,-0.4864147837466379,0.0583,-0.7299,0.2442
1,184,Rice,49.31,0.1812285843228812,-0.0813,0.0974,0.4535
1,185,Cotton,50.36,0.06144240555970161,-0.0597,-0.0529,0.4857
1,186,Cotton,9.98,-2.0219296957743302,0.1364,-2.2208,0.0022
1,187,Cotton,51.93,0.1424452336700144,-0.2418,0.312,0.6857
1,188,Cotton,32.37,-0.8667364974368125,-0.1652,-0.773,0.2396
1,189,Cotton,58.55,0.48399855984216117,0.34,-0.1192,0.4593
1,190,Groundnut,60.28,0.5711782107818034,-0.2595,0.6548,0.7647
1,191,Cotton,59.76,0.5464274910609374,-0.2484,0.6355,0.7692
1,192,Bajra,45.67,-0.2816676951299146,-0.1017,-0.339,0.3758
1,193,Groundnut,59.69,0.5396922585190117,-0.0403,0.427,0.6516
1,194,Rice,54.04,0.41707273151995533,-0.1812,0.4737,0.6744
1,195,Groundnut,37.84,-0.6263552956199645,0.1693,-0.9409,0.1719
1,196,Groundnut,67.38,0.95007695835099,0.0257,0.7444,0.7919
1,197,Bajra,76.18,1.4276387156557382,0.057,1.2071,0.8658
1,198,Groundnut,63.22,0.7280743118879174,0.0658,0.5053,0.6878
1,199,Cotton,52.79,0.18681620957757425,0.0079,0.0746,0.5363
1,200,Cotton,68.97,1.0216096865360844,-0.0775,1.0446,0.8527
1,201,Groundnut,51.79,0.11810069432231089,0.1161,-0.1276,0.4299
1,202,Rice,9.2,-1.8187098393715482,0.1839,-2.1126,0.0116
1,203,Rice,32.44,-0.6599322535660501,0.0413,-0.8176,0.2093
1,204,Groundnut,74.55,1.3327113273750844,-0.0276,1.2244,0.8959
1,205,Cotton,65.36,0.835354776040397,-0.0437,0.83,0.811
1,206,Cotton,52.11,0.15173218211578274,0.0172,0.0179,0.5099
1,207,Cotton,20.47,-1.480706978018164,-0.0957,-1.4803,0.0747
1,208,Groundnut,55.2,0.30007882519708956,0.047,0.1115,0.5204
1,209,Cotton,69.52,1.0499864734537097,0.0597,0.8458,0.8154
1,210,Cotton,9.76,-2.033280410541381,-0.0461,-2.1123,0.0044
1,211,Cotton,70.04,1.0768154356303743,0.1132,0.8159,0.8
1,212,Rice,58.37,0.6329723419561776,0.0994,0.3951,0.593
1,213,Cotton,76.5,1.4101136965173935,-0.0712,1.4062,0.9033
1,214,Groundnut,32.42,-0.915599128271372,0.2561,-1.3223,0.0679
1,215,Groundnut,67.92,0.9788946095745623,-0.037,0.8708,0.819
1,216,Cotton,77.98,1.4864730504048222,0.0493,1.3693,0.8945
1,217,Cotton,30.01,-0.9884987103924417,0.0964,-1.2114,0.1231
1,218,Cotton,78.72,1.5246527273485364,-0.0261,1.4858,0.9231
1,219,Cotton,78.26,1.5009194146537954,0.0126,1.4344,0.9099
1,220,Rice,79.31,1.6770688413867776,-0.0613,1.6134,0.9884
1,221,Rice,63.33,0.8802845977907419,-0.2123,0.9786,0.8721
1,222,Rice,27.5,-0.9062472825625716,0.1031,-1.1217,0.1395
1,223,Rice,63.35,0.8812818246287846,-0.0925,0.8518,0.8256
1,224,Rice,50.74,0.2525303032429269,0.0139,0.1145,0.4651
1,225,Rice,24.68,-1.0468562667265777,0.0095,-1.1959,0.1279
1,226,Rice,49.37,0.18422026483700873,-0.113,0.1676,0.5116
1,227,Rice,53.15,0.37269613722705974,-0.0266,0.2577,0.5349
1,228,Maize,31.49,-1.2760603896333635,0.011,-1.4221,0.0909
1,229,Groundnut,35.68,-0.7416259005142525,-0.0747,-0.8271,0.2172
1,230,Cotton,76.45,1.4075339886157914,-0.15,1.4576,0.9121
1,231,Groundnut,57.34,0.41428210967568957,-0.159,0.4025,0.6335
1,232,Cotton,32.63,-0.8533220163484802,-0.0785,-0.97,0.1824
1,233,Rice,32.02,-0.6808740171649443,-0.0405,-0.7988,0.2209
1,234,Groundnut,47.99,-0.08469018465838052,0.006,-0.2663,0.3756
1,235,Cotton,86.24,1.9126407957495248,-0.1939,1.9847,0.989
1,236,Groundnut,42.22,-0.3926121245843255,-0.0806,-0.5183,0.2986
1,237,Cotton,21.35,-1.4353041189499631,0.0634,-1.673,0.044
1,238,Cotton,28.25,-1.0793044285288433,0.028,-1.2765,0.1165
1,239,Groundnut,59.46,0.5274180737386016,-0.1489,0.5945,0.7285
1,240,Cotton,43.02,-0.3172587143955185,-0.0685,-0.3281,0.4022
1,241,Groundnut,38.54,-0.5889990810708899,-0.177,-0.4904,0.3167
1,242,Bajra,36.66,-0.7864481199473101,-0.5172,-0.3673,0.3557
1,243,Maize,24.6,-1.7207324554119325,-0.3779,-1.435,0.0727
1,244,Cotton,28.95,-1.0431885179064109,-0.125,-0.9813,0.1802
1,245,Rice,51.22,0.2764637473559491,-0.1741,0.4142,0.6163
1,246,Cotton,72.1,1.1830994011763891,-0.1679,1.3482,0.8879
1,247,Cotton,26.99,-1.144313067649222,0.0385,-1.2025,0.1253
1,248,Cotton,81.76,1.6814989677659575,-0.2468,1.9378,0.9802
1,249,Groundnut,28.12,-1.1450730176442598,-0.0155,-1.1754,0.1131
1,250,Cotton,50.49,0.06814964610386777,-0.272,0.2817,0.6703
1,251,Groundnut,58.31,0.46604714983655027,-0.2269,0.6326,0.7557
1,252,Groundnut,48.08,-0.07988724278778539,-0.2909,0.1468,0.5385
1,253,Cotton,85.56,1.8775567682877337,-0.3497,2.2286,0.9956
1,254,Groundnut,27.55,-1.1754916494913636,-0.143,-1.0861,0.1448
1,255,Bajra,57.42,0.37661976231785393,-0.3209,0.6097,0.6644
1,256,Cotton,34.26,-0.7692235387562448,-0.1243,-0.6794,0.2549
1,257,Cotton,26.37,-1.1763014456290906,-0.2555,-0.9835,0.178
1,258,Groundnut,30.26,-1.0308697331656598,-0.3118,-0.7895,0.2262
1,259,Rice,36.49,-0.45799381886242385,-0.0344,-0.4468,0.2791
1,260,Groundnut,36.8,-0.681855957235733,-0.0306,-0.6858,0.267
1,261,Groundnut,89.94,2.1540143872468853,-0.0573,2.1625,0.9819
1,262,Groundnut,49.03,-0.029189523042612343,0.0202,-0.0899,0.4434
1,263,Maize,56.41,0.33224554348738367,-0.1189,0.4025,0.7273
1,264,Cotton,22.75,-1.3630722977050984,0.0706,-1.4512,0.0769
1,265,Cotton,36.02,-0.678417820619843,-0.016,-0.6686,0.2593
1,266,Groundnut,50.77,0.06366735312223074,-0.0984,0.1466,0.5339
1,267,Cotton,70.51,1.1010646899054362,-0.4402,1.4752,0.9209
1,268,Cotton,75.95,1.381736909599768,-0.4271,1.8092,0.9648
1,269,Cotton,30.65,-0.9554784492519321,-0.1643,-0.8446,0.2154
1,270,Maize,33.4,-1.1527913554334988,-0.4215,-0.7969,0.2727
1,271,Groundnut,46.22,-0.17914804144675542,0.278,-0.7637,0.2443
1,272,Groundnut,36.79,-0.6823896174435768,0.2187,-1.1348,0.1357
1,273,Rice,57.08,0.5686512109024301,0.0726,0.2815,0.5465
1,274,Maize,54.79,0.227692750082263,0.1439,-0.1296,0.5273
1,275,Cotton,42.86,-0.3255137796806461,-0.3786,-0.0416,0.4945
1,276,Bajra,32.56,-1.0161484242482333,-0.318,-0.7967,0.2148
1,277,Groundnut,49.67,0.004964730259398898,-0.4051,0.3081,0.6018
1,278,Cotton,35.97,-0.6809975285214456,-0.2679,-0.5279,0.3143
1,279,Groundnut,50.0,0.022575517118248338,-0.2978,0.2086,0.5611
1,280,Groundnut,37.68,-0.6348938589454675,-0.47,-0.2495,0.3846
1,281,Groundnut,34.74,-0.7917899600515813,-0.6516,-0.2149,0.3982
1,282,Groundnut,33.97,-0.8328817960555638,-0.4116,-0.5057,0.3122
1,283,Groundnut,70.4,1.111242341119856,-0.4568,1.4578,0.9321
1,284,Groundnut,27.33,-1.18723217406393,-0.5778,-0.6985,0.2624
1,285,Groundnut,39.05,-0.5617824104708499,-0.532,-0.1327,0.4253
1,286,Cotton,22.4,-1.3811302530163148,-0.4,-1.1046,0.1516
1,287,Cotton,84.88,1.8424727408259418,-0.4789,2.2749,0.9978
1,288,Cotton,43.88,-0.27288773848795866,-0.2942,-0.0877,0.4703
1,289,Cotton,49.83,0.034097501802716985,-0.025,0.0293,0.5209
1,290,Cotton,86.44,1.9229596273559342,-0.0369,1.9517,0.9846
1,291,Cotton,42.18,-0.3605978071424376,0.0693,-0.5066,0.3209
1,292,Cotton,85.67,1.8832321256712587,-0.0377,1.9295,0.9758
1,293,Groundnut,64.6,0.8017194205703787,-0.0418,0.627,0.7466
1,294,Cotton,80.62,1.6226816276094247,-0.1303,1.6,0.9407
1,295,Groundnut,59.18,0.5124755879189716,-0.1458,0.4534,0.6652
1,296,Cotton,44.02,-0.26566455636347214,-0.3712,-0.0718,0.4769
1,297,Groundnut,62.99,0.7158001271075072,-0.1307,0.6519,0.7602
1,298,Rice,55.66,0.4978481054014056,-0.1859,0.4744,0.686
1,299,Cotton,14.03,-1.8129733557445427,-0.375,-1.6247,0.0549
1,300,Cotton,28.97,-1.04215663474577,-0.425,-0.784,0.233
1,301,Rice,56.77,0.5531941949127701,-0.3659,0.7304,0.7558
1,302,Bajra,48.27,-0.1360040875244508,-0.3324,0.0103,0.5235
1,303,Cotton,52.4,0.16669448794507613,-0.5721,0.5441,0.7516
1,304,Cotton,15.37,-1.7438371839816007,-0.3607,-1.5665,0.0615
1,305,Rice,23.85,-1.0882411805053456,-0.4529,-0.8282,0.1977
1,306,Cotton,51.46,0.11819597939495267,-0.6451,0.5396,0.7473
1,307,Groundnut,21.04,-1.5229044447977589,-0.4412,-1.2661,0.0905
1,308,Groundnut,53.83,0.22696737672247158,-0.41,0.4329,0.6561
1,309,Groundnut,57.91,0.44470074152279293,-0.2109,0.4979,0.6833
1,310,Rice,49.95,0.21313984314024434,-0.2478,0.321,0.5581
1,311,Cotton,64.29,0.7801490269461078,-0.2785,0.9121,0.8352
1,312,Bajra,72.91,1.2444387168596354,-0.4134,1.4624,0.906
1,313,Cotton,25.35,-1.2289274868217777,-0.0645,-1.3167,0.0945
1,314,Cotton,35.96,-0.6815134701017659,-0.1819,-0.6336,0.2703
1,315,Groundnut,26.8,-1.215516165079658,-0.1565,-1.2042,0.1086
1,316,Cotton,58.54,0.4834826182618408,-0.4322,0.7717,0.7912
1,317,Groundnut,54.82,0.2797997372990203,-0.2851,0.4237,0.6471
1,318,Maize,54.06,0.18057945428859765,-0.2825,0.3142,0.6909
1,319,Cotton,27.75,-1.1051015075448665,-0.0241,-1.1851,0.1297
1,320,Cotton,85.89,1.894582840438309,-0.0691,1.9364,0.978
1,321,Cotton,48.88,-0.01491694832772684,-0.1414,0.0117,0.5077
1,322,Cotton,13.62,-1.8341269605376818,-0.0408,-1.8815,0.0242
1,323,Bajra,45.71,-0.279426716551369,0.1118,-0.4779,0.3154
1,324,Maize,63.91,0.8162862536962763,0.1013,0.6392,0.7818
1,325,Cotton,52.28,0.1605031889812307,-0.1461,0.2657,0.6659
1,326,Maize,70.11,1.2164265741356277,-0.0419,1.1791,0.9455
1,327,Groundnut,44.5,-0.2709375971959105,-0.0801,-0.2564,0.3801
1,328,Rice,53.23,0.37668504457923,-0.0778,0.4091,0.6047
1,329,Bajra,47.14,-0.199311732368364,-0.0251,-0.2526,0.4161
1,330,Groundnut,66.49,0.9025811998528807,-0.1007,0.9114,0.8326
1,331,Groundnut,62.54,0.6917854177545304,-0.2511,0.8703,0.8145
1,332,Bajra,71.6,1.171046668412267,-0.0991,1.2267,0.8725
1,333,Bajra,66.71,0.8970870371850679,-0.045,0.8844,0.7785
1,334,Cotton,27.9,-1.0973623838400597,-0.0788,-1.0733,0.1626
1,335,Rice,55.63,0.496352265144342,-0.3399,0.8288,0.7907
1,336,Groundnut,8.65,-2.184109442316382,-0.2832,-1.9694,0.0181
1,337,Groundnut,23.99,-1.365474683483801,-0.4185,-1.0447,0.1584
1,338,Groundnut,30.93,-0.995114499240117,-0.557,-0.5255,0.2941
1,339,Groundnut,14.91,-1.8500381522060851,-0.3244,-1.6399,0.0452
1,340,Rice,54.41,0.4355214280237433,-0.096,0.4203,0.6395
1,341,Groundnut,39.24,-0.551642866521815,-0.2366,-0.4419,0.3258
1,342,Cotton,33.87,-0.789345260388743,-0.2093,-0.7027,0.2505
1,343,Groundnut,36.46,-0.7000004043024263,-0.2158,-0.6256,0.276
1,344,Cotton,76.36,1.402890514392907,-0.0091,1.4187,0.9055
1,345,Bajra,51.47,0.043274198759196546,0.0956,-0.0768,0.4899
1,346,Bajra,77.03,1.4752595104498318,-0.1138,1.5578,0.9262
1,347,Groundnut,25.69,-1.2747524481503336,-0.1596,-1.1365,0.1267
1,348,Bajra,44.87,-0.3264872667008267,-0.1093,-0.245,0.4228
1,349,Rice,54.12,0.42106163887212567,-0.3627,0.7821,0.7791
1,350,Groundnut,68.17,0.9922361147706604,-0.164,1.0477,0.8597
1,351,Cotton,18.14,-1.600921366232832,-0.1058,-1.5694,0.0593
1,352,Groundnut,24.51,-1.3377243526759168,-0.3261,-1.0892,0.1403
1,353,Groundnut,52.75,0.16933207427532776,-0.4235,0.506,0.6923
1,354,Bajra,12.2,-2.1568065207279417,-0.28,-1.8762,0.0268
1,355,Groundnut,24.7,-1.3275848087268822,-0.453,-0.8665,0.2081
1,356,Groundnut,53.78,0.2242990756832521,-0.3801,0.5996,0.733
1,357,Groundnut,54.85,0.2814007179225521,-0.1616,0.4596,0.6697
1,358,Groundnut,56.74,0.382262497205054,-0.0018,0.4229,0.6425
1,359,Groundnut,37.02,-0.6701154326631663,-0.6676,-0.0035,0.4751
1,360,Cotton,12.5,-1.8919124175335735,-0.6711,-1.2142,0.1209
1,361,Groundnut,46.85,-0.14552744835258802,-0.2478,0.1146,0.5249
1,362,Groundnut,40.76,-0.4705265149295386,-0.0698,-0.3841,0.3394
1,363,Cotton,38.94,-0.5277628791662679,-0.0379,-0.4634,0.3407
1,364,Groundnut,68.46,1.007712260798134,-0.3938,1.4175,0.9231
1,365,Bajra,39.92,-0.6038083657958438,-0.0613,-0.5201,0.2953
1,366,Groundnut,32.15,-0.9300079538831582,-0.3695,-0.5172,0.3032
1,367,Bajra,51.66,0.053918847007287996,-0.6071,0.6813,0.7248
1,368,Groundnut,37.44,-0.6477017039337217,-0.6299,0.008,0.4842
1,369,Cotton,28.15,-1.084463844332048,-0.7102,-0.3565,0.3956
1,370,Cotton,21.02,-1.4523301911005386,-0.629,-0.7965,0.2308
1,371,Cotton,37.24,-0.6154729478207465,-0.7028,0.0993,0.5451
1,372,Cotton,14.59,-1.7840806272465966,-0.3826,-1.3823,0.0857
1,373,Groundnut,54.95,0.28673732000099145,-0.7972,1.0716,0.8733
1,374,Groundnut,58.61,0.4820569560718679,-0.6011,1.06,0.8643
1,375,Rice,32.7,-0.646968304671496,-0.4881,-0.1827,0.407
1,376,Cotton,9.68,-2.0374079431839442,-0.1668,-1.9193,0.0198
1,377,Rice,21.65,-1.1979361326900313,-0.2244,-0.9869,0.1744
1,378,Cotton,64.95,0.8142011712472582,-0.5835,1.3854,0.8989
1,379,Cotton,33.24,-0.8218495799489319,-0.4545,-0.3856,0.3846
1,380,Cotton,59.41,0.528369535749721,-0.393,0.9098,0.833
1,381,Groundnut,27.82,-1.1610828238795776,-0.4165,-0.7755,0.2398
1,382,Cotton,19.15,-1.5488112666204654,-0.5605,-1.0124,0.1714
1,383,Cotton,57.74,0.4422072918362039,0.2019,0.2264,0.644
1,384,Cotton,57.74,0.4422072918362039,0.242,0.159,0.6022
1,385,Cotton,57.74,0.4422072918362039,0.2378,0.1854,0.6242
1,386,Rice,10.71,-1.7434192130993322,0.0986,-1.3586,0.1163
1,387,Rice,2.93,-2.1313404530979025,0.1194,-1.7877,0.0465
1,388,Cotton,17.41,-1.6385851015962258,0.1827,-1.6329,0.0527
1,389,Cotton,57.74,0.4422072918362039,0.0374,0.3706,0.7055
1,390,Cotton,57.74,0.4422072918362039,0.1887,0.222,0.6418
1,391,Cotton,57.74,0.4422072918362039,0.2512,0.165,0.6066
1,392,Cotton,57.74,0.4422072918362039,0.2639,0.1783,0.6198
1,393,Cotton,57.74,0.4422072918362039,0.2728,0.1694,0.6154
1,394,Cotton,57.74,0.4422072918362039,0.2913,0.151,0.589
1,395,Cotton,57.74,0.4422072918362039,0.3141,0.1281,0.5692
1,396,Cotton,57.74,0.4422072918362039,0.3046,0.1376,0.5758
1,397,Cotton,57.74,0.4422072918362039,0.2879,0.1543,0.5956
1,398,Cotton,57.74,0.4422072918362039,0.3281,0.1141,0.5582
1,399,Cotton,57.74,0.4422072918362039,0.3346,0.1076,0.5516
1,400,Cotton,57.74,0.4422072918362039,0.3215,0.1207,0.5637
1,401,Cotton,57.74,0.4422072918362039,0.3107,0.1315,0.5714
1,402,Cotton,57.74,0.4422072918362039,0.2414,0.2008,0.633
1,403,Cotton,57.74,0.4422072918362039,0.2522,0.19,0.6264
1,404,Cotton,57.74,0.4422072918362039,0.2987,0.1435,0.5802
1,405,Cotton,57.74,0.4422072918362039,0.292,0.1503,0.5868
1,406,Cotton,57.74,0.4422072918362039,0.1923,0.2499,0.6549
1,407,Cotton,57.74,0.4422072918362039,0.1796,0.2627,0.6593
1,408,Cotton,57.74,0.4422072918362039,0.1519,0.2903,0.6747
1,409,Cotton,57.74,0.4422072918362039,0.1065,0.305,0.6813
1,410,Cotton,4.9,-2.284028018577126,0.2214,-2.0243,0.0154
1,411,Cotton,57.74,0.4422072918362039,0.0757,0.3797,0.7121
1,412,Cotton,57.74,0.4422072918362039,0.2453,0.1488,0.5824
1,413,Cotton,57.74,0.4422072918362039,0.2664,0.1585,0.6
1,414,Cotton,57.74,0.4422072918362039,0.3461,0.0573,0.5275
1,415,Maize,66.19,0.9634346295997797,0.2462,0.8721,0.8364
1,416,Cotton,57.74,0.4422072918362039,0.2859,0.1222,0.567
1,417,Cotton,57.74,0.4422072918362039,0.2801,0.1621,0.6044
1,418,Rice,59.21,0.6748558691539669,0.2047,0.8694,0.8372
1,419,Cotton,42.54,-0.34202391025090095,0.297,-0.4371,0.3582
1,420,Maize,37.76,-0.8714023558987293,0.2057,-0.9738,0.2182
1,421,Groundnut,24.79,-1.322781866856287,0.2342,-1.3906,0.0633
1,422,Bajra,63.2,0.7004411669176925,0.1395,0.7108,0.7315
1,423,Maize,47.29,-0.25634796012662964,0.2245,-0.3152,0.4364
1,424,Groundnut,51.63,0.10956213099680827,0.2199,0.0749,0.5158
1,425,Cotton,54.49,0.2745262782320532,0.2744,0.1982,0.6308
1,426,Groundnut,73.82,1.2937541322024777,0.2017,1.276,0.914
1,427,Groundnut,56.4,0.36411805013836035,0.2596,0.288,0.5882
1,428,Groundnut,54.77,0.2771314362598008,0.2468,0.2039,0.552
1,429,Cotton,63.63,0.746096882644957,0.1975,0.7234,0.7824
1,430,Cotton,50.47,0.06711776294322667,0.2356,0.0251,0.5143
1,431,Cotton,31.85,-0.8935654596134764,0.2789,-1.0025,0.1736
1,432,Bajra,68.05,0.9721598195663456,0.119,1.0387,0.8188
1,433,Groundnut,35.84,-0.7330873371887495,0.2929,-0.838,0.2127
1,434,Cotton,53.04,0.19971474908558584,0.2919,0.1045,0.5495
1,435,Bajra,84.55,1.8965634832164036,0.1751,1.8909,0.9866
1,436,Cotton,33.02,-0.8332002947159821,0.2859,-0.9388,0.1912
1,437,Cotton,49.48,0.016039546491500682,0.2504,-0.066,0.4813
1,438,Cotton,61.47,0.6346535012957366,0.2461,0.5494,0.7538
1,439,Maize,70.16,1.2196535122036867,0.2406,1.138,0.9091
1,440,Cotton,30.9,-0.9425799097439206,0.3109,-1.0879,0.1604
1,441,Groundnut,81.75,1.7169466770227106,0.2096,1.6482,0.9502
1,442,Groundnut,48.74,-0.04466566907008612,0.1565,-0.0512,0.457
1,443,Bajra,60.9,0.5715848986513206,0.1475,0.5808,0.6577
1,444,Rice,2.43,-2.1562711240489674,0.0856,-1.7337,0.0581
1,445,Rice,24.94,-1.033892317832024,0.028,-0.5669,0.2558
1,446,Cotton,4.9,-2.284028018577126,0.0793,-1.8375,0.0286
1,447,Cotton,38.92,-0.5287947623269086,0.0122,-0.3347,0.4
1,448,Cotton,57.74,0.4422072918362039,-0.0311,0.4701,0.7385
1,449,Cotton,57.74,0.4422072918362039,-0.0151,0.4507,0.7341
1,450,Cotton,57.74,0.4422072918362039,-0.0054,0.3805,0.7143
1,451,Cotton,57.74,0.4422072918362039,-0.0379,0.455,0.7363
1,452,Rice,5.84,-1.9862439481627046,-0.1114,-1.3615,0.1047
1,453,Cotton,3.77,-2.342329417153338,-0.0694,-1.7667,0.0374
1,454,Bajra,44.96,-0.3214450648990989,0.1216,-0.277,0.4094
1,455,Bajra,50.26,-0.024515403241807746,0.1167,0.0189,0.5302
1,456,Cotton,39.34,-0.5071252159534491,0.0938,-0.4217,0.3648
1,457,Cotton,31.19,-0.927617603914627,0.0532,-0.7991,0.2286
1,458,Cotton,33.27,-0.8203017552079704,0.0295,-0.6516,0.2615
1,459,Rice,30.49,-0.7571618702752033,0.2167,-0.7426,0.2326
1,460,Groundnut,86.28,1.9586947511760089,0.0256,2.103,0.9729
1,461,Rice,59.01,0.6648836007735408,0.0757,1.0132,0.8837
1,462,Maize,60.3,0.583301325182396,-0.187,0.7196,0.8182
1,463,Rice,2.28,-2.163750325334287,0.0095,-1.6421,0.0698
1,464,Cotton,57.74,0.4422072918362039,0.0581,0.3841,0.7187
1,465,Cotton,57.74,0.4422072918362039,0.0212,0.421,0.7297
1,466,Bajra,53.56,0.1603653294882041,0.1804,0.1446,0.5638
1,467,Groundnut,49.86,0.015104274208433355,0.2137,-0.0606,0.448
1,468,Rice,45.84,0.008209727922490565,-0.0393,0.5155,0.7209
1,469,Cotton,50.95,0.09188295879860914,0.2259,0.0216,0.5121
1,470,Cotton,55.81,0.34263056683435444,0.1627,0.3358,0.6923
1,471,Cotton,62.02,0.6630302882133624,0.2212,0.6143,0.7626
1,472,Cotton,40.1,-0.46791365584909395,0.2274,-0.5521,0.2989
1,473,Bajra,68.74,1.010816700046257,0.1546,1.008,0.8121
1,474,Cotton,16.22,-1.6999821496543612,-0.0533,-1.4926,0.0703
1,475,Rice,9.43,-1.8072417307340585,-0.0478,-1.6131,0.0814
1,476,Groundnut,52.99,0.18213991926358206,-0.2826,0.5842,0.7195
1,477,Bajra,3.13,-2.6649484134131547,0.1782,-2.7107,0.0134
1,478,Bajra,66.07,0.8612313799283384,-0.1908,1.1643,0.8456
1,479,Bajra,54.82,0.2309561547123902,0.1746,0.1749,0.5705
1,480,Groundnut,58.98,0.501802383762093,0.1194,0.5065,0.6968
1,481,Bajra,52.85,0.12058795971901971,0.1296,0.1141,0.5436
1,482,Cotton,59.9,0.5536506731854238,-0.1418,0.8651,0.822
1,483,Maize,34.17,-1.1030965091853857,0.1344,-1.114,0.1455
1,484,Cotton,40.54,-0.44521222631499363,0.0933,-0.4204,0.3714
1,485,Cotton,30.48,-0.96424945611738,0.1169,-0.961,0.1846
1,486,Rice,66.87,1.056793748124282,0.0596,1.3291,0.9419
1,487,Bajra,20.72,-1.6794780834977296,0.2678,-1.7818,0.0336
1,488,Groundnut,45.54,-0.21543693558014232,0.18,-0.236,0.3937
1,489,Bajra,49.47,-0.06877473016808319,0.2083,-0.1009,0.4765
1,490,Groundnut,55.62,0.32249255392653414,0.148,0.3447,0.6154
1,491,Bajra,66.29,0.8735567621103398,0.0641,0.9633,0.7987
1,492,Cotton,46.95,-0.1144936733295763,0.1446,-0.0936,0.4681
1,493,Cotton,62.14,0.6692215871772078,-0.011,0.8481,0.8176
1,494,Cotton,36.8,-0.6381743773548472,0.1623,-0.6327,0.2747
1,495,Bajra,27.58,-1.29515025727716,0.1963,-1.3182,0.0604
1,496,Cotton,38.93,-0.5282788207465883,0.1718,-0.5463,0.3033
1,497,Cotton,53.28,0.21209734701327707,0.0326,0.3316,0.6901
1,498,Bajra,79.12,1.5923506411788393,-0.1397,1.8011,0.9732
1,499,Bajra,36.33,-0.8049361932203112,0.1166,-0.8512,0.1879
1,500,Groundnut,79.22,1.5819306444381975,-0.1617,1.8147,0.9593
1,501,Cotton,44.51,-0.24038341892776965,-0.0299,-0.1436,0.4396
1,502,Cotton,24.37,-1.2794897616931833,0.0685,-1.2822,0.1121
1,503,Bajra,50.0,-0.039081764002354004,-0.0833,0.1147,0.5503
1,504,Cotton,33.65,-0.800695975155793,-0.0935,-0.6316,0.2769
1,505,Bajra,62.69,0.6718686900412358,-0.2608,0.9928,0.8054
1,506,Bajra,33.98,-0.9365936847098649,-0.1431,-0.7423,0.2215
1,507,Bajra,40.92,-0.547783901332204,-0.0584,-0.4093,0.3356
1,508,Bajra,43.62,-0.39651784728037653,-0.1162,-0.2257,0.4295
1,509,Bajra,53.66,0.16596777593456774,-0.0538,0.2709,0.604
1,510,Cotton,52.75,0.18475244325629245,-0.0452,0.2804,0.6681
1,511,Maize,47.93,-0.21504315285547074,-0.0224,-0.1503,0.5091
1,512,Cotton,28.7,-1.0560870574144225,-0.0753,-0.9466,0.1868
1,513,Bajra,30.08,-1.1550890961180604,-0.2297,-0.8738,0.1611
1,514,Groundnut,27.11,-1.1989726986364964,-0.1983,-0.9131,0.19
1,515,Cotton,21.65,-1.4198258715403493,-0.1878,-1.1757,0.1319
1,516,Bajra,39.4,-0.6329410873169368,-0.0916,-0.4721,0.3221
1,517,Cotton,67.64,0.9529894563534628,0.1958,0.8343,0.8132
1,518,Bajra,82.63,1.7889965114462147,0.0609,1.8216,0.9799
1,519,Cotton,33.77,-0.7945046761919473,-0.1132,-0.6137,0.2813
1,520,Cotton,37.54,-0.5999947004111328,-0.1437,-0.4339,0.3604
1,521,Cotton,38.06,-0.5731657382344685,-0.1631,-0.37,0.3934
1,522,Cotton,30.94,-0.9405161434226386,-0.0694,-0.8299,0.222
1,523,Cotton,35.56,-0.7021511333145843,-0.1312,-0.5216,0.3176
1,524,Groundnut,42.22,-0.3926121245843255,0.0496,-0.4289,0.3303
1,525,Bajra,88.18,2.0999322892194168,-0.1249,2.2573,0.9933
1,526,Groundnut,51.29,0.09141768393011464,0.0715,0.024,0.4887
1,527,Groundnut,31.62,-0.958291944898886,-0.2086,-0.7175,0.2534
1,528,Groundnut,23.3,-1.4022972378250318,-0.0897,-1.2871,0.086
1,529,Cotton,37.22,-0.6165048309813875,-0.1609,-0.3949,0.3802
1,530,Groundnut,6.01,-2.3249957371871783,0.0808,-2.3498,0.009
1,531,Groundnut,70.4,1.111242341119856,-0.0406,1.178,0.8869
1,532,Maize,56.66,0.3483802338276801,0.0641,0.2947,0.6727
1,533,Cotton,64.27,0.7791171437854663,-0.0272,0.8505,0.8198
1,534,Bajra,45.37,-0.29847503446900675,0.0116,-0.2846,0.4027
1,535,Cotton,29.38,-1.0210030299526311,-0.0004,-0.9886,0.1758
1,536,Groundnut,91.3,2.226592175513659,-0.2047,2.448,0.9955
1,537,Groundnut,20.61,-1.5458518337350478,0.2313,-1.7359,0.0317
1,538,Bajra,58.33,0.42760202497976607,-0.156,0.6321,0.6846
1,539,Cotton,39.74,-0.4864875527406306,0.0024,-0.4516,0.3451
1,540,Cotton,70.92,1.1222182946985748,0.0244,1.1957,0.8703
1,541,Cotton,35.94,-0.682545353262407,0.2661,-0.8313,0.2198
1,542,Cotton,47.93,-0.06393139845817103,0.1577,-0.1354,0.4462
1,543,Cotton,38.56,-0.5473686592184452,0.2106,-0.6772,0.2571
1,544,Groundnut,64.43,0.7926471970370327,0.202,0.6719,0.7692
1,545,Maize,48.79,-0.1595398180848511,0.0615,-0.1514,0.4909
1,546,Cotton,82.12,1.7000728646574943,0.1938,1.6096,0.9429
1,547,Groundnut,48.9,-0.036127105744583506,-0.0725,0.0251,0.4932
1,548,Groundnut,40.17,-0.50201246719233,-0.0275,-0.4892,0.3213
1,549,Cotton,38.79,-0.5355020028710747,-0.0845,-0.4608,0.3429
1,550,Rice,38.03,-0.3812073523331439,0.0406,-0.4227,0.2907
1,551,Bajra,70.96,1.1351910111555374,-0.1156,1.2379,0.8792
1,552,Bajra,38.37,-0.6906462857144858,-0.0005,-0.7003,0.2349
1,553,Bajra,67.93,0.9654368838307094,0.1057,0.8584,0.7651
1,554,Bajra,50.06,-0.03572029613453548,0.0926,-0.1248,0.4631
1,555,Groundnut,40.75,-0.4710601751373824,0.073,-0.5639,0.2851
1,556,Cotton,70.16,1.0830067345942194,0.0897,1.0013,0.8462
1,557,Cotton,77.19,1.4457136655595053,-0.0175,1.4672,0.9165
1,558,Bajra,56.13,0.3043482031597586,0.0393,0.2473,0.5906
1,559,Maize,68.71,1.1260723082299673,0.1057,1.0665,0.8909
1,560,Bajra,52.69,0.11162404540483713,0.1299,-0.0329,0.5101
1,561,Cotton,50.55,0.0712452955857903,0.131,-0.0273,0.5011
1,562,Cotton,70.23,1.086618325656463,0.0142,1.0892,0.8615
1,563,Cotton,37.17,-0.6190845388829898,0.1633,-0.7677,0.2418
1,564,Cotton,33.85,-0.7903771435493837,0.1039,-0.9163,0.1934
1,565,Cotton,43.75,-0.2795949790321248,0.0681,-0.3456,0.3978
1,566,Cotton,36.47,-0.6552004495054223,0.0229,-0.6941,0.2527
1,567,Cotton,20.11,-1.4992808749097009,0.1142,-1.6529,0.0462
1,568,Cotton,52.38,0.16566260478443542,-0.0499,0.1976,0.6286
1,569,Groundnut,21.21,-1.5138322212644122,0.164,-1.6844,0.0362
1,570,Cotton,79.38,1.5587048716496867,0.0276,1.5795,0.9297
1,571,Groundnut,85.76,1.930944420368125,0.0278,1.8783,0.9638
1,572,Cotton,54.81,0.2910364088023081,0.114,0.2193,0.6385
1,573,Groundnut,67.21,0.9410047348176432,0.0249,0.9415,0.8371
1,574,Cotton,46.61,-0.13203568706047225,0.0787,-0.2087,0.4187
1,575,Groundnut,49.37,-0.011045075975919083,0.0443,-0.0585,0.4525
1,576,Groundnut,28.79,-1.109317783718717,-0.0215,-1.0747,0.1538
1,577,Cotton,38.56,-0.5473686592184452,-0.1087,-0.4215,0.367
1,578,Cotton,56.18,0.3617204053062114,0.0373,0.3958,0.7231
1,579,Cotton,79.52,1.5659280537741733,-0.1799,1.8229,0.967
1,580,Cotton,52.69,0.18165679377436955,-0.1518,0.393,0.7209
1,581,Cotton,40.65,-0.4395368689314686,-0.2297,-0.142,0.4418
1,582,Cotton,48.45,-0.03710243628150676,-0.3136,0.303,0.6791
1,583,Groundnut,34.65,-0.7965929019221768,-0.2075,-0.5938,0.2805
1,584,Maize,63.6,0.796279237674309,-0.1787,1.038,0.8545
1,585,Cotton,66.0,0.8683750371809067,-0.423,1.371,0.8967
1,586,Bajra,64.98,0.8001647136629715,-0.5021,1.3281,0.8993
1,587,Cotton,38.07,-0.5726497966541481,0.0693,-0.5556,0.2967
1,588,Bajra,64.86,0.7934417779273345,-0.0388,0.8865,0.7852
1,589,Bajra,72.19,1.2041011024458146,-0.1906,1.478,0.9128
1,590,Cotton,28.1,-1.0870435522336503,0.1925,-1.2164,0.1187
1,591,Cotton,22.75,-1.3630722977050984,0.0638,-1.3456,0.0879
1,592,Cotton,47.09,-0.10727049120508977,-0.1507,0.0795,0.5385
1,593,Groundnut,85.37,1.910131672262212,-0.2629,2.1877,0.9864
1,594,Cotton,75.29,1.3476847652986177,-0.5446,1.9923,0.9912
1,595,Cotton,73.52,1.2563631055818951,-0.2217,1.612,0.9451
1,596,Groundnut,49.13,-0.023852920964173015,-0.0943,0.1493,0.543
1,597,Cotton,14.48,-1.7897559846301216,-0.2984,-1.4124,0.0813
1,598,Cotton,35.6,-0.7000873669933025,-0.4552,-0.1874,0.433
1,599,Cotton,28.53,-1.0648580642798704,-0.3978,-0.6111,0.2835
1,600,Cotton,23.18,-1.3408868097513185,-0.4077,-0.8725,0.2088
1,601,Bajra,42.5,-0.459265247479653,-0.5033,0.1014,0.5369
1,602,Cotton,50.0,0.042868508668164954,-0.5173,0.6206,0.767
1,603,Cotton,12.9,-1.871274754320755,-0.5248,-1.3142,0.0967
1,604,Cotton,30.75,-0.9503190334487275,-0.7128,-0.1908,0.4308
1,605,Cotton,13.57,-1.8367066684392839,-0.4992,-1.2773,0.1143
1,606,Bajra,26.47,-1.3573374128318003,-0.4776,-0.827,0.2013
1,607,Groundnut,22.26,-1.4577978994407998,-0.4886,-0.9335,0.1765
1,608,Cotton,71.96,1.1758762190519028,-0.7223,1.9401,0.9824
1,609,Groundnut,30.56,-1.0148599269303422,-0.6146,-0.3583,0.3484
1,610,Cotton,30.84,-0.9456755592258433,-0.6641,-0.2263,0.4132
1,611,Maize,43.23,-0.5183753312530436,-0.6902,0.183,0.6182
1,612,Cotton,18.37,-1.5890547098854613,-0.633,-0.8956,0.1978
1,613,Cotton,24.63,-1.2660752806048512,-0.6549,-0.5616,0.2923
1,614,Cotton,28.11,-1.08652761065333,-0.6094,-0.4219,0.3626
1,615,Cotton,74.94,1.3296268099874011,-0.3446,1.7927,0.9604
1,616,Groundnut,27.01,-1.2043093007149355,-0.2622,-0.8708,0.2036
1,617,Cotton,41.15,-0.4137397899154454,-0.4462,0.0712,0.5319
1,618,Groundnut,47.45,-0.11350783588195243,-0.3243,0.2709,0.5837
1,619,Cotton,39.86,-0.48029625377678514,-0.2141,-0.1916,0.4286
1,620,Bajra,33.11,-0.9853349687932315,-0.0573,-0.8168,0.2081
1,621,Cotton,46.47,-0.13925886918495875,-0.1948,0.1512,0.5912
1,622,Groundnut,55.28,0.3043481068598409,-0.2232,0.6297,0.7511
1,623,Bajra,55.86,0.2892215977545756,-0.2426,0.6181,0.6779
1,624,Groundnut,51.82,0.11970167494584273,-0.2521,0.4505,0.6606
1,625,Cotton,46.15,-0.1557689997552136,-0.1995,0.1575,0.5978
1,626,Cotton,42.16,-0.3616296903030787,-0.2296,-0.0346,0.4989
1,627,Groundnut,20.54,-1.549587455189955,-0.1308,-1.3197,0.0724
1,628,Cotton,44.12,-0.2605051405602678,-0.3421,0.1498,0.5846
1,629,Maize,46.5,-0.3073335816019662,-0.3613,0.1182,0.5818
1,630,Cotton,40.08,-0.468945539009735,-0.2365,-0.1508,0.4374
1,631,Cotton,33.61,-0.802759741477075,-0.2827,-0.4419,0.356
1,632,Bajra,57.66,0.39006563378912723,-0.1704,0.6506,0.7013
1,633,Bajra,42.63,-0.4519820670993797,-0.1054,-0.2178,0.4362
1,634,Bajra,36.33,-0.8049361932203112,-0.0549,-0.6221,0.2752
1,635,Bajra,91.13,2.265204459387154,-0.4165,2.773,1.0
1,636,Cotton,31.46,-0.9136871812459745,-0.1272,-0.6447,0.2637
1,637,Bajra,39.98,-0.6004468979280257,-0.0455,-0.4517,0.3289
1,638,Bajra,28.67,-1.2340835910117924,-0.157,-0.9546,0.1342
1,639,Groundnut,12.47,-1.9802512429200028,-0.112,-1.7608,0.0271
1,640,Bajra,23.25,-1.5377361884047207,0.0126,-1.41,0.0537
1,641,Groundnut,54.15,0.2440445033734772,-0.0163,0.3886,0.6244
1,642,Groundnut,67.8,0.972490687080435,0.0402,1.066,0.8688
1,643,Rice,39.37,-0.31439315418429004,-0.1291,-0.0681,0.4302
1,644,Bajra,40.47,-0.572994910340842,-0.0624,-0.3925,0.349
1,645,Cotton,73.6,1.2604906382244587,-0.1853,1.5796,0.9319
1,646,Bajra,34.86,-0.8872921559818617,-0.1796,-0.6267,0.2685
1,647,Cotton,30.85,-0.9451596176455228,-0.0973,-0.7524,0.244
1,648,Cotton,54.01,0.24976108237667075,-0.0259,0.3821,0.7165
1,649,Cotton,60.78,0.5990535322536248,-0.1363,0.8263,0.8066
1,650,Groundnut,48.62,-0.05106959156421347,0.0576,-0.0093,0.4661
1,651,Bajra,29.03,-1.213914783804882,0.0856,-1.1999,0.0805
1,652,Cotton,34.51,-0.7563249992482333,0.1864,-0.8318,0.2176
1,653,Cotton,28.71,-1.055571115834102,-0.0947,-0.8755,0.2044
1,654,Bajra,67.48,0.9402258748220712,-0.2448,1.2561,0.8859
1,655,Groundnut,50.66,0.05779709083594722,-0.1001,0.2253,0.5656
1,656,Bajra,73.87,1.29822220274473,-0.3,1.6578,0.9329
1,657,Bajra,52.96,0.12675065081002007,-0.1468,0.3177,0.6107
1,658,Bajra,48.69,-0.11247381244972236,-0.5295,0.4706,0.6242
1,659,Cotton,30.86,-0.9446436760652024,-0.4124,-0.4833,0.3319
1,660,Maize,27.79,-1.5148538066697503,-0.607,-0.8775,0.2545
1,661,Cotton,68.6,1.002519848064227,0.0732,0.9238,0.8374
1,662,Cotton,78.1,1.4926643493686673,-0.0687,1.5988,0.9385
1,663,Cotton,30.83,-0.9461915008061639,0.0886,-1.0677,0.167
1,664,Groundnut,26.19,-1.2480694377581374,0.1065,-1.3913,0.0588
1,665,Cotton,47.6,-0.08095747060874624,0.0193,-0.138,0.444
1,666,Cotton,85.11,1.8543393971733126,-0.0109,1.9179,0.9736
1,667,Cotton,52.28,0.1605031889812307,0.0596,0.1207,0.5637
1,668,Groundnut,60.4,0.5775821332759304,-0.0181,0.605,0.7376
1,669,Bajra,61.41,0.6001573755277768,-0.0469,0.6734,0.7181
1,670,Bajra,35.18,-0.8693643273534969,0.0346,-0.8707,0.1678
1,671,Cotton,71.35,1.1444037826523545,-0.047,1.2351,0.8791
1,672,Groundnut,14.92,-1.849504491998241,0.1158,-1.9552,0.0226
1,673,Cotton,15.68,-1.727842994991666,0.1093,-1.8344,0.0308
1,674,Bajra,81.29,1.713923729064938,-0.0522,1.7974,0.9597
1,675,Groundnut,64.91,0.8182628870135406,0.0544,0.7719,0.8009
1,676,Groundnut,62.1,0.6683043686093978,-0.0194,0.6959,0.7783
1,677,Groundnut,37.41,-0.6493026845572536,0.1082,-0.7159,0.2579
1,678,Maize,42.39,-0.5725878907964393,0.1181,-0.6778,0.3455
1,679,Cotton,80.85,1.6345482839567949,-0.0179,1.6642,0.9473
1,680,Cotton,53.63,0.23015530232449338,0.0651,0.1793,0.622
1,681,Cotton,51.48,0.11922786255559341,0.0502,0.1,0.5473
1,682,Cotton,21.92,-1.4058954488716968,0.1622,-1.5392,0.0637
1,683,Cotton,48.66,-0.026267663094777346,0.071,-0.0619,0.4835
1,684,Cotton,57.29,0.41898992072178287,-0.183,0.6375,0.7714
1,685,Groundnut,23.03,-1.4167060634368178,-0.0014,-1.3951,0.0543
1,686,Groundnut,41.81,-0.4144921931059262,-0.0593,-0.329,0.362
1,687,Cotton,22.04,-1.3997041499078513,0.0463,-1.4004,0.0835
1,688,Groundnut,52.66,0.16452913240473224,-0.1273,0.2355,0.5701
1,689,Rice,40.48,-0.2590470646729259,-0.058,-0.2251,0.3721
1,690,Rice,36.92,-0.436553441844508,-0.0354,-0.4102,0.314
1,691,Rice,26.52,-0.9551113976266589,-0.01,-0.9621,0.186
1,692,Bajra,29.14,-1.2077520927138816,-0.0104,-1.215,0.0738
1,693,Cotton,48.43,-0.038134319442147846,-0.1757,0.1133,0.556
1,694,Cotton,74.5,1.3069253804533008,-0.1542,1.5183,0.9275
1,695,Groundnut,82.95,1.7809859019639818,-0.1826,1.9433,0.9683
1,696,Cotton,52.98,0.19661909960366294,0.0695,0.116,0.5604
1,697,Cotton,48.26,-0.046905326307595814,0.0137,-0.0699,0.4791
1,698,Cotton,40.42,-0.4514035252788391,0.1101,-0.5623,0.2901
1,699,Groundnut,32.68,-0.9017239628674301,0.024,-0.9206,0.1855
1,700,Bajra,58.98,0.4640179268811319,-0.1515,0.6158,0.6711
1,701,Bajra,34.67,-0.8979368042299531,0.0152,-0.9229,0.1544
1,702,Groundnut,41.6,-0.42569905747064873,-0.0651,-0.3637,0.3439
1,703,Cotton,38.03,-0.57471356297543,-0.0693,-0.4815,0.3341
1,704,Bajra,25.84,-1.3926328254438933,-0.0756,-1.3008,0.0671
1,705,Cotton,82.29,1.7088438715229421,-0.183,1.912,0.9714
1,706,Bajra,48.26,-0.1365643321690875,-0.0067,-0.1299,0.4564
1,707,Cotton,45.47,-0.19085302721700512,-0.0284,-0.1955,0.4242
1,708,Groundnut,40.52,-0.48333435991779256,0.5006,-0.9763,0.1674
1,709,Groundnut,46.28,-0.17594608019969177,0.4793,-0.6775,0.2715
1,710,Cotton,78.29,1.5024672393947567,0.3405,1.2192,0.8769
1,711,Cotton,46.38,-0.14390234340784275,0.5167,-0.6342,0.2681
1,712,Cotton,47.09,-0.10727049120508977,0.4403,-0.5325,0.3121
1,713,Cotton,56.98,0.4029957317318484,0.3743,0.0925,0.5429
1,714,Rice,52.29,0.32981538319122805,0.425,-0.0746,0.4186
1,715,Cotton,81.12,1.6484787066254478,0.2785,1.3997,0.9011
1,716,Groundnut,33.47,-0.85956480644776,0.3682,-1.2153,0.1041
1,717,Cotton,54.97,0.2992914740874353,0.2112,0.1337,0.5736
1,718,Bajra,42.45,-0.4620664707028349,0.2218,-0.6293,0.2617
1,719,Cotton,64.53,0.7925316248737986,0.6288,0.2653,0.6615
1,720,Maize,63.2,0.7704637331298348,0.6068,0.2528,0.6545
1,721,Cotton,61.13,0.617111487564841,0.644,0.0611,0.5297
1,722,Cotton,76.97,1.4343629507924551,0.5638,0.9584,0.8418
1,723,Cotton,70.64,1.1077719304496019,0.4613,0.7318,0.7868
1,724,Cotton,26.27,-1.1814608614322952,0.5792,-1.6836,0.0418
1,725,Groundnut,62.93,0.7125981658604436,0.4321,0.35,0.6199
1,726,Cotton,47.34,-0.0943719516970782,0.6064,-0.6244,0.2791
1,727,Groundnut,49.37,-0.011045075975919083,0.2369,-0.1699,0.4118
1,728,Bajra,28.17,-1.2620958232436124,0.024,-1.1959,0.0872
1,729,Cotton,31.75,-0.8987248754166811,0.0731,-0.8744,0.2066
1,730,Cotton,63.4,0.734230226297586,0.069,0.7775,0.7934
1,731,Groundnut,76.93,1.4597224568419391,0.0457,1.4377,0.9276
1,732,Cotton,64.5,0.7909838001328372,0.1312,0.727,0.7846
1,733,Cotton,75.31,1.3487166484592585,0.343,1.1099,0.8637
1,734,Maize,71.12,1.2816107231104255,0.7122,0.6458,0.8
1,735,Cotton,72.82,1.2202471949594624,0.6868,0.6014,0.7582
1,736,Cotton,56.24,0.36481605478813434,0.8092,-0.3758,0.389
1,737,Cotton,60.03,0.56035791372959,0.7174,-0.0853,0.4747
1,738,Cotton,31.47,-0.9131712396656542,0.4747,-1.314,0.0989
1,739,Cotton,51.0,0.0944626667002113,0.5435,-0.387,0.3824
1,740,Cotton,30.6,-0.9580581571535344,0.325,-1.093,0.1538
1,741,Rice,63.05,0.8663234220581454,0.1797,1.0519,0.907
1,742,Cotton,5.58,-2.2489439911153344,0.1295,-1.8576,0.0264
1,743,Groundnut,72.81,1.2398544512102416,0.2658,1.1506,0.8824
1,744,Bajra,47.37,-0.186426105541727,0.2915,-0.3097,0.3893
1,745,Rice,2.28,-2.163750325334287,0.2033,-1.8644,0.0349
1,746,Rice,2.28,-2.163750325334287,0.22,-1.8832,0.0233
1,747,Rice,68.74,1.1500344574812644,0.034,1.5398,0.9767
1,748,Groundnut,78.68,1.5531129932146261,0.1521,1.5597,0.9457
1,749,Groundnut,30.65,-1.010056985059747,0.4174,-1.2539,0.095
1,750,Groundnut,55.47,0.3144876508088753,0.3358,0.1581,0.5475
1,751,Groundnut,73.79,1.2921531515789466,0.2485,1.2288,0.905
1,752,Cotton,52.24,0.1584394226599489,0.444,-0.1025,0.4659
1,753,Cotton,63.08,0.7177200957273312,0.2841,0.6203,0.7648
1,754,Cotton,69.85,1.067012545604285,0.2516,0.9952,0.844
1,755,Cotton,40.92,-0.4256064462628159,0.2864,-0.5443,0.3055
1,756,Cotton,59.36,0.5257898278481189,0.2789,0.3681,0.7033
1,757,Groundnut,65.28,0.838008314703766,0.3688,0.5856,0.724
1,758,Cotton,69.16,1.0314125765621731,0.3905,0.7854,0.7956
1,759,Groundnut,71.57,1.1736805854375945,0.4146,0.8759,0.8235
1,760,Bajra,67.93,0.9654368838307094,0.4238,0.6647,0.7114
1,761,Groundnut,75.71,1.3946159114849797,0.3801,1.1207,0.8778
1,762,Bajra,47.65,-0.17073925549190777,0.298,-0.3241,0.3826
1,763,Maize,55.69,0.28577763530733,0.2468,0.1805,0.6
1,764,Groundnut,43.71,-0.31309675361558054,0.3416,-0.5085,0.3077
1,765,Groundnut,58.41,0.4713837519149892,0.1771,0.4128,0.638
1,766,Cotton,48.6,-0.029363312576699878,0.231,-0.1323,0.4505
1,767,Groundnut,20.89,-1.5309093479154177,-0.5865,-0.8903,0.1946
1,768,Bajra,57.28,0.36877633729294435,-0.7009,1.1328,0.8322
1,769,Cotton,30.7,-0.9528987413503298,-0.6812,-0.2378,0.411
1,770,Cotton,32.38,-0.8662205558564918,-0.5861,-0.2087,0.4187
1,771,Cotton,16.28,-1.6968865001724383,-0.4894,-1.1272,0.1407
1,772,Cotton,28.6,-1.061246473217627,-0.573,-0.4209,0.3692
1,773,Cotton,25.99,-1.1959072256812682,-0.5684,-0.5473,0.3011
1,774,Maize,29.53,-1.4025563619012873,-0.3747,-0.9814,0.2
1,775,Groundnut,47.33,-0.11991175837607977,-0.3494,0.2974,0.5928
1,776,Bajra,24.83,-1.4492175345521696,-0.4682,-0.9329,0.1477
1,777,Bajra,36.61,-0.7892493431704919,-0.4548,-0.2963,0.396
1,778,Bajra,51.47,0.043274198759196546,-0.7339,0.8021,0.7584
1,779,Bajra,18.93,-1.779761874887645,-0.5512,-1.1867,0.094
1,780,Bajra,39.71,-0.6155735033332083,-0.523,-0.0642,0.5034
1,781,Groundnut,11.89,-2.01120353497495,-0.494,-1.4875,0.0498
1,782,Groundnut,42.99,-0.35152028858034307,-0.5954,0.2676,0.5792
1,783,Cotton,46.32,-0.14699799288976564,-0.543,0.4004,0.7253
1,784,Maize,31.87,-1.2515356603161127,-0.6928,-0.5345,0.3636
1,785,Groundnut,30.55,-1.015393587138186,-0.6646,-0.3257,0.3665
1,786,Groundnut,26.82,-1.21444884466397,-0.6487,-0.5394,0.2896
1,787,Bajra,44.36,-0.3550597435772829,0.142,-0.3539,0.3624
1,788,Bajra,35.57,-0.8475147862126774,0.2647,-0.97,0.1208
1,789,Cotton,25.86,-1.202614466225434,0.2743,-1.3182,0.0901
1,790,Groundnut,36.61,-0.6919955011847675,0.2328,-0.7765,0.2353
1,791,Groundnut,93.28,2.3322568966667565,0.1844,2.2835,0.991
1,792,Bajra,65.07,0.8052069154646985,0.25,0.7476,0.745
1,793,Bajra,40.78,-0.5556273263571135,0.3574,-0.7407,0.2282
1,794,Bajra,48.02,-0.15001020364036077,0.3644,-0.3526,0.3691
1,795,Maize,60.0,0.5639396967740404,0.2538,0.4847,0.7455
1,796,Cotton,51.13,0.10116990724437747,0.2493,0.0286,0.5187
1,797,Cotton,54.91,0.2961958246055124,0.221,0.2849,0.6725
1,798,Cotton,65.1,0.8219402949520647,0.097,0.9036,0.8286
1,799,Cotton,12.1,-1.912550080746392,0.3504,-2.0833,0.0088
1,800,Maize,43.85,-0.4783612992091082,0.2203,-0.5279,0.3818
1,801,Groundnut,45.98,-0.19195588643500974,0.2083,-0.2394,0.3891
1,802,Maize,63.12,0.7653006322209396,0.3695,0.5378,0.7636
1,803,Bajra,64.77,0.7883995761256067,0.3974,0.541,0.6443
1,804,Bajra,76.78,1.4612533943339219,0.4679,1.1373,0.8389
1,805,Bajra,76.9,1.467976330069559,0.4186,1.1887,0.8523
1,806,Bajra,82.34,1.7727494167517597,0.4096,1.4904,0.9195
1,807,Groundnut,85.95,1.9410839643171593,0.3261,1.7802,0.9548
1,808,Groundnut,79.47,1.5952721496342956,0.3744,1.3856,0.9186
1,809,Maize,26.12,-1.6226335381429304,0.622,-2.0943,0.0182
1,810,Cotton,46.73,-0.12584438809662682,0.4838,-0.442,0.3538
1,811,Bajra,57.38,0.3743787837393084,0.2754,0.2603,0.5973
1,812,Cotton,55.24,0.31322189675608797,0.3805,0.1113,0.5538
1,813,Cotton,54.76,0.2884567009007055,0.2959,0.1686,0.6132
1,814,Cotton,83.15,1.753214847430502,0.2886,1.587,0.9341
1,815,Bajra,85.27,1.9369010976302241,0.2463,1.7829,0.953
1,816,Bajra,46.0,-0.2631796218569135,0.3939,-0.554,0.2819
1,817,Cotton,19.96,-1.5070199986145076,0.3776,-1.808,0.0352
1,818,Groundnut,31.42,-0.9689651490557645,0.3602,-1.2218,0.0995
1,819,Bajra,64.12,0.7519836742242413,0.1922,0.6383,0.6913
1,820,Groundnut,50.35,0.04125362439278579,0.1453,0.0055,0.4796
1,821,Bajra,57.29,0.3693365819375806,0.1338,0.3382,0.6174
1,822,Bajra,26.1,-1.378066464683347,0.4033,-1.679,0.0403
1,823,Groundnut,86.92,1.99284900447802,-0.0305,2.1283,0.9774
1,824,Cotton,57.74,0.4422072918362039,0.0762,0.366,0.7011
1,825,Cotton,57.74,0.4422072918362039,0.1001,0.3421,0.6945
1,826,Cotton,57.74,0.4422072918362039,0.1805,0.2311,0.6505
1,827,Cotton,57.74,0.4422072918362039,0.1943,0.2298,0.6484
1,828,Cotton,57.74,0.4422072918362039,0.1939,0.2439,0.6527
1,829,Groundnut,64.16,0.7782383714252462,0.2914,0.7292,0.7828
1,830,Cotton,43.57,-0.28888192747789315,0.3551,-0.5006,0.3275
1,831,Bajra,72.24,1.2069023256689966,0.0493,1.2897,0.8926
1,832,Cotton,26.32,-1.178881153530693,0.2641,-1.301,0.1033
1,833,Cotton,33.58,-0.8043075662180363,0.177,-0.8542,0.2132
1,834,Cotton,39.52,-0.49783826750768073,0.0953,-0.4686,0.3385
1,835,Maize,33.62,-1.138592827934038,0.2699,-1.2642,0.1273
1,836,Groundnut,48.18,-0.07455064070934606,0.08,-0.0355,0.4615
1,837,Bajra,80.73,1.6825500289652995,0.0613,1.7429,0.9463
1,838,Bajra,36.49,-0.7959722789061285,0.3,-0.9627,0.1275
1,839,Cotton,45.52,-0.1882733193154026,-0.0647,-0.0353,0.4967
1,840,Cotton,37.55,-0.5994787588308124,-0.0993,-0.4003,0.378
1,841,Cotton,62.56,0.6908911335506673,-0.0367,0.8124,0.7978
1,842,Cotton,47.71,-0.07528211322522117,0.1459,-0.1299,0.4527
1,843,Bajra,68.31,0.9867261803268922,0.0053,1.0404,0.8255
1,844,Groundnut,40.72,-0.4726611557609143,-0.1273,-0.4174,0.3348
1,845,Cotton,61.29,0.6253665528499683,-0.2422,0.827,0.8088
1,846,Bajra,32.04,-1.045281145769326,-0.1707,-0.9383,0.1409
1,847,Cotton,29.34,-1.0230667962739128,-0.1897,-0.8846,0.2022
1,848,Rice,50.05,0.21812597733045705,-0.2415,0.4223,0.6628
1,849,Groundnut,61.18,0.6192076294877567,0.0324,0.5549,0.7149
1,850,Cotton,62.55,0.6903751919703466,-0.0792,0.8252,0.8044
1,851,Bajra,53.78,0.17269071167020478,-0.0079,0.2041,0.5772
1,852,Rice,24.83,-1.0393770654412584,0.1128,-1.1008,0.1512
1,853,Rice,47.48,0.08998232864198324,0.0299,0.1172,0.4884
1,854,Groundnut,50.31,0.03911898356141014,-0.004,0.0644,0.5023
1,855,Bajra,57.35,0.37269804980539917,-0.0827,0.5074,0.6309
1,856,Bajra,49.17,-0.08558206950717501,0.0065,-0.0701,0.4966
1,857,Cotton,37.47,-0.603606291473376,-0.0624,-0.4834,0.3297
1,858,Bajra,37.26,-0.7528334412691261,-0.0325,-0.6675,0.2416
1,859,Bajra,51.89,0.06680447383392539,-0.1115,0.2333,0.5839
1,860,Bajra,42.44,-0.4626267153474716,0.1351,-0.5222,0.2886
1,861,Cotton,62.7,0.6981143156751539,0.1355,0.6563,0.778
1,862,Cotton,78.47,1.5117541878405247,0.261,1.2943,0.8857
1,863,Cotton,67.25,0.9328677347209646,0.3757,0.6496,0.7736
1,864,Bajra,24.92,-1.4441753327504419,0.2497,-1.6159,0.047
1,865,Bajra,62.1,0.6388142560076886,0.0552,0.6506,0.7013
1,866,Cotton,59.34,0.5247579446874782,0.1869,0.4424,0.7319
1,867,Cotton,51.38,0.11406844675238906,0.1081,0.0896,0.5407
1,868,Bajra,79.58,1.6181218948321134,0.0752,1.6759,0.9396
1,869,Bajra,61.24,0.5906332165689583,0.1763,0.535,0.6376
1,870,Cotton,62.75,0.700694023576756,0.0702,0.7655,0.789
1,871,Maize,49.03,-0.1440505153581664,0.3281,-0.3265,0.4182
1,872,Groundnut,72.05,1.1992962754141032,0.1249,1.2263,0.9005
1,873,Cotton,50.78,0.08311195193316118,0.283,-0.0429,0.4923
1,874,Maize,46.19,-0.32734059762393397,0.1393,-0.3521,0.4
1,875,Cotton,58.44,0.47832320245863613,0.4766,0.1427,0.578
1,876,Groundnut,73.21,1.2612008595239983,0.0923,1.2551,0.9095
1,877,Groundnut,37.1,-0.665846151000415,0.4294,-1.0056,0.1629
1,878,Cotton,46.85,-0.11965308913278101,0.4535,-0.4723,0.3363
1,879,Bajra,43.29,-0.4150059205533776,0.3445,-0.6321,0.255
1,880,Bajra,45.48,-0.2923123433780064,0.4942,-0.6578,0.2483
1,881,Groundnut,66.13,0.8833694323704994,0.1298,0.878,0.8281
1,882,Groundnut,47.41,-0.11564247671332846,-0.1515,0.1209,0.5294
1,883,Groundnut,56.16,0.351310205150106,-0.2202,0.6721,0.7738
1,884,Cotton,24.42,-1.2769100537915807,-0.0527,-1.1073,0.1473
1,885,Groundnut,54.23,0.2483137850362285,-0.1536,0.492,0.6787
1,886,Groundnut,46.47,-0.1658065362506573,0.0392,-0.108,0.4389
1,887,Bajra,63.47,0.715567772322875,-0.1158,0.941,0.7919
1,888,Bajra,64.72,0.7855983529024249,-0.2832,1.2049,0.8591
1,889,Groundnut,40.4,-0.4897382824119199,-0.0286,-0.3453,0.3575
1,890,Bajra,36.52,-0.7942915449722193,-0.1952,-0.4809,0.3087
1,891,Bajra,27.7,-1.2884273215415232,-0.0443,-1.1154,0.1074
1,892,Groundnut,48.56,-0.05427155281127676,-0.1389,0.2048,0.5566
1,893,Cotton,59.32,0.523726061526837,-0.2634,0.8976,0.8264
1,894,Bajra,9.74,-2.294626703308495,0.0215,-2.2322,0.0201
1,895,Cotton,44.79,-0.22593705467879663,-0.3151,0.1671,0.6088
1,896,Bajra,61.38,0.5984766415938679,0.1183,0.5778,0.651
1,897,Cotton,43.55,-0.2899138106385342,-0.2375,-0.0451,0.4901
1,898,Cotton,46.56,-0.13461539496207442,-0.2402,0.1515,0.5934
1,899,Cotton,46.66,-0.12945597915887005,-0.3103,0.1735,0.6176
1,900,Maize,37.72,-0.8739839063531766,-0.1531,-0.6917,0.3091
1,901,Cotton,30.03,-0.9874668272318008,0.2472,-1.1598,0.1363
1,902,Cotton,40.32,-0.4565629410820438,0.2105,-0.6082,0.2857
1,903,Groundnut,66.98,0.9287305500372335,0.0125,0.9828,0.8416
1,904,Rice,32.39,-0.6624253206611564,0.4927,-1.067,0.1628
1,905,Cotton,46.72,-0.12636032967694716,-0.0187,-0.0041,0.5055
1,906,Cotton,50.5,0.06866558768418814,-0.0453,0.2179,0.6352
1,907,Bajra,40.09,-0.594284206837025,0.0056,-0.5109,0.302
1,908,Cotton,62.49,0.687279542488424,0.1164,0.6818,0.7802
1,909,Cotton,48.23,-0.04845315104855727,0.1778,-0.1077,0.4637
1,910,Cotton,46.35,-0.14545016814880418,0.1322,-0.1329,0.4484
1,911,Cotton,46.82,-0.12120091387374246,0.1466,-0.1287,0.4549
1,912,Cotton,69.4,1.0437951744898646,0.1324,1.004,0.8484
1,913,Bajra,31.58,-1.0710523994226007,0.146,-1.1133,0.1141
1,914,Groundnut,27.36,-1.1856311934403982,-0.4104,-0.7352,0.2489
1,915,Bajra,54.31,0.20238367783593397,0.1494,0.142,0.557
1,916,Cotton,36.93,-0.631467136810681,0.0812,-0.6364,0.2659
1,917,Groundnut,73.12,1.2563979176534035,0.1662,1.2052,0.8914
1,918,Groundnut,50.39,0.04338826522416145,0.2802,-0.1246,0.4344
1,919,Cotton,57.74,0.4422072918362039,0.1767,0.2655,0.6637
1,920,Cotton,57.74,0.4422072918362039,0.2133,0.229,0.6462
1,921,Bajra,44.32,-0.3573007221558285,0.5422,-0.8584,0.1745
1,922,Cotton,74.02,1.2821601845979183,0.2529,1.0863,0.8593
1,923,Bajra,94.22,2.438320054579801,0.6742,1.8008,0.9664
1,924,Maize,79.7,1.8353532955893985,0.6992,1.1783,0.9273
1,925,Maize,50.0,-0.08144791683781637,1.0085,-1.0329,0.1636
1,926,Cotton,77.89,1.481829576181938,0.6002,0.9558,0.8396
1,927,Groundnut,62.44,0.6864488156760911,0.3098,0.513,0.7014
1,928,Bajra,52.09,0.07800936672665353,0.3693,-0.132,0.4497
1,929,Cotton,59.91,0.5541666147657442,0.2467,0.4943,0.7451
1,930,Groundnut,37.88,-0.6242206547885888,0.3516,-0.8187,0.2217
1,931,Rice,71.95,1.3100893649871017,0.1112,1.6457,1.0
1,932,Cotton,44.63,-0.23419211996392386,0.3778,-0.449,0.3473
1,933,Cotton,52.72,0.18320461851533099,0.3682,-0.047,0.4879
1,934,Cotton,57.73,0.44169135025588313,0.3158,0.2534,0.6571
1,935,Rice,43.91,-0.08802266194862043,0.3864,-0.3333,0.3372
1,936,Maize,45.33,-0.3828439323945536,0.4223,-0.6886,0.3273
1,937,Cotton,45.83,-0.17227913032546846,0.3958,-0.4424,0.3516
1,938,Bajra,32.17,-1.0379979653890528,0.1984,-1.1233,0.1007
1,939,Cotton,63.5,0.7393896421007908,0.0728,0.8218,0.8022
1,940,Groundnut,39.88,-0.5174886132198038,-0.0576,-0.3479,0.3529
1,941,Cotton,69.13,1.0298647518212116,-0.6492,1.7172,0.9516
1,942,Groundnut,22.18,-1.4620671811035515,-0.2787,-1.153,0.1222
1,943,Groundnut,45.82,-0.20049444976051237,0.2051,-0.305,0.371
1,944,Cotton,58.71,0.49225362512728876,0.1052,0.494,0.7429
1,945,Cotton,33.69,-0.7986322088345112,0.1841,-0.8579,0.211
1,946,Cotton,26.92,-1.1479246587114649,0.1315,-1.1929,0.1275
1,947,Groundnut,54.38,0.2563186881538877,-0.0469,0.3975,0.629
1,948,Bajra,50.1,-0.033479317555989936,0.246,-0.1803,0.443
1,949,Cotton,56.0,0.3524334568604431,0.123,0.309,0.6835
1,950,Groundnut,54.22,0.24778012482838468,0.1908,0.0698,0.5113
1,951,Bajra,67.55,0.9441475873345256,0.0856,0.8693,0.7718
1,952,Bajra,38.19,-0.700730689317941,0.1262,-0.8282,0.1946
1,953,Bajra,66.91,0.9082919300777961,0.152,0.7505,0.7517
1,954,Groundnut,59.05,0.5055380052170004,0.0468,0.477,0.6742
1,955,Groundnut,51.08,0.08021081956539217,0.0374,0.0525,0.4977
1,956,Groundnut,31.2,-0.9807056736283309,0.1025,-1.0761,0.1493
1,957,Cotton,65.58,0.8467054908074472,0.0003,0.8746,0.8242
1,958,Bajra,48.1,-0.14552824648326967,0.1518,-0.1007,0.4832
1,959,Cotton,43.51,-0.291977576959816,0.1775,-0.2843,0.4066
1,960,Groundnut,2.28,-2.5240509947129626,0.1506,-2.5014,0.0045
1,961,Cotton,57.74,0.4422072918362039,0.0813,0.3609,0.6989
1,962,Cotton,57.74,0.4422072918362039,0.068,0.3742,0.7077
1,963,Cotton,57.74,0.4422072918362039,0.0654,0.3768,0.7099
1,964,Cotton,57.74,0.4422072918362039,0.0213,0.4209,0.7275
1,965,Cotton,57.74,0.4422072918362039,0.0937,0.3485,0.6967
1,966,Rice,7.19,-1.9189311365948294,0.0452,-1.4553,0.093
